"","GOLD","BTC","SENT_G","SENT_C","FED","VIX","DXY","FROM"
"GOLD","73.10"," 2.26"," 1.74"," 1.57"," 2.25"," 2.74","16.35","26.90"
"BTC"," 2.39","80.00"," 1.68"," 5.50"," 1.01"," 6.53"," 2.90","20.00"
"SENT_G"," 2.28"," 2.60","83.67"," 2.61"," 1.96"," 4.99"," 1.89","16.33"
"SENT_C"," 2.03"," 8.25"," 2.19","79.94"," 1.39"," 4.52"," 1.67","20.06"
"FED"," 2.38"," 1.18"," 1.91"," 1.42","87.36"," 3.22"," 2.53","12.64"
"VIX"," 2.34"," 6.33"," 2.04"," 2.50"," 1.18","82.80"," 2.80","17.20"
"DXY","16.27"," 3.02"," 1.63"," 1.36"," 2.01"," 3.24","72.46","27.54"
"TO"," 27.69"," 23.64"," 11.20"," 14.97","  9.81"," 25.23"," 28.13","140.67"
"Inc.Own","100.79","103.64"," 94.87"," 94.91"," 97.17","108.03","100.59","cTCI/TCI"
"NET"," 0.79"," 3.64","-5.13","-5.09","-2.83"," 8.03"," 0.59","23.44/20.10"
"NPT","4.00","4.00","0.00","2.00","1.00","6.00","4.00",""
