"date","TCI"
2017-01-03,9.09746465296514
2017-01-04,9.71544525375243
2017-01-05,10.9086818617667
2017-01-06,10.1285551929209
2017-01-09,11.4115805200203
2017-01-10,11.9761718408582
2017-01-11,12.5698252106843
2017-01-12,13.226863429176
2017-01-13,15.8463466360056
2017-01-17,16.1556821829707
2017-01-18,16.357592045172
2017-01-19,20.3670684958075
2017-01-20,14.4406351444279
2017-01-23,14.2762211909449
2017-01-24,13.8805135699694
2017-01-25,13.5186140891123
2017-01-26,13.3908628409026
2017-01-27,13.5487755246609
2017-01-30,13.5077410359311
2017-01-31,16.2381952901088
2017-02-01,17.9383411791306
2017-02-02,17.2099450999525
2017-02-03,15.4867681943134
2017-02-06,15.2528367723728
2017-02-07,14.6847263499528
2017-02-08,14.642603157467
2017-02-09,14.8673639040819
2017-02-10,14.8565972343649
2017-02-13,14.7226556912359
2017-02-14,14.6964899365604
2017-02-15,14.4122734045136
2017-02-16,14.6525026049214
2017-02-17,13.8276348448636
2017-02-21,14.0856868250204
2017-02-22,13.996976371166
2017-02-23,14.0993166251903
2017-02-24,13.7055595836355
2017-02-27,12.7428874011788
2017-02-28,11.8842675751836
2017-03-01,13.3196011725138
2017-03-02,13.1560470111921
2017-03-03,11.6786265907751
2017-03-06,10.8369111664372
2017-03-07,11.1258411380525
2017-03-08,11.2913610708831
2017-03-09,10.7323964763105
2017-03-10,10.0187841621489
2017-03-13,9.99384338122739
2017-03-14,9.77353790912321
2017-03-15,9.03133080362031
2017-03-16,17.7993029465914
2017-03-17,18.1574299791042
2017-03-20,18.735877769722
2017-03-21,19.1239016132398
2017-03-22,19.370581815492
2017-03-23,19.4089560865743
2017-03-24,20.7312614988888
2017-03-27,18.4322954334859
2017-03-28,17.0835135972764
2017-03-29,16.6440131790687
2017-03-30,16.919949153224
2017-03-31,18.2859483194426
2017-04-03,18.1804994331953
2017-04-04,18.2291697895195
2017-04-05,17.6477725773962
2017-04-06,16.4402969776385
2017-04-07,15.9283759199644
2017-04-10,15.1305231006506
2017-04-11,16.2731721002081
2017-04-12,15.9990833536037
2017-04-13,16.627166646032
2017-04-17,16.1335244377265
2017-04-18,16.1220252645725
2017-04-19,15.5006224655936
2017-04-20,15.3995574460696
2017-04-21,15.1124951803945
2017-04-24,14.6360761403152
2017-04-25,12.7550497575312
2017-04-26,12.7171356583284
2017-04-27,13.0902154465799
2017-04-28,12.2273313202095
2017-05-01,12.3868650146733
2017-05-02,10.9436436597882
2017-05-03,10.998800298749
2017-05-04,10.6580445048203
2017-05-05,10.31631818496
2017-05-08,10.557882107139
2017-05-09,10.6791815788785
2017-05-10,10.3713014814094
2017-05-11,10.2025598091809
2017-05-12,10.3262938659913
2017-05-15,10.4768634704102
2017-05-16,10.6749319677441
2017-05-17,15.0272407456584
2017-05-18,15.6302811309101
2017-05-19,14.0309926509702
2017-05-22,14.6817993518563
2017-05-23,15.3568846550944
2017-05-24,15.0821028447272
2017-05-25,14.1633032362797
2017-05-26,12.6393314423213
2017-05-30,12.3230762973917
2017-05-31,13.0330177945347
2017-06-01,12.6253276497584
2017-06-02,12.8817874723497
2017-06-05,13.705433290176
2017-06-06,13.2169267381037
2017-06-07,13.7443053512587
2017-06-08,14.0660078520195
2017-06-09,14.2169136575334
2017-06-12,14.1016347937732
2017-06-13,13.2462507235541
2017-06-14,12.9458592963336
2017-06-15,20.2443516471012
2017-06-16,19.0851654668451
2017-06-19,19.4656450639181
2017-06-20,19.0681815652788
2017-06-21,18.4881524891435
2017-06-22,18.5080211910172
2017-06-23,18.1910943790202
2017-06-26,18.1392415965513
2017-06-27,15.7474527231149
2017-06-28,15.2975842560288
2017-06-29,14.7654900646446
2017-06-30,13.4231197931717
2017-07-03,13.450553681524
2017-07-05,13.7363596822373
2017-07-06,14.1643551165841
2017-07-07,15.8965451839654
2017-07-10,16.1282729236277
2017-07-11,17.6248615366997
2017-07-12,16.146723552697
2017-07-13,16.2373317889283
2017-07-14,16.3004456613108
2017-07-17,17.0814716228128
2017-07-18,15.6549030775925
2017-07-19,14.6805909675459
2017-07-20,14.6681178858367
2017-07-21,15.4716436092108
2017-07-24,15.7061817313038
2017-07-25,16.2746734267464
2017-07-26,15.1486235205461
2017-07-27,14.0571800689485
2017-07-28,15.2925749558215
2017-07-31,16.3796135318139
2017-08-01,16.1847670383218
2017-08-02,15.6765804608012
2017-08-03,14.6108307460456
2017-08-04,15.6513080623059
2017-08-07,16.1415872156703
2017-08-08,15.932118675657
2017-08-09,15.5512258097988
2017-08-10,15.3588612364872
2017-08-11,15.4154543907487
2017-08-14,15.2687001671168
2017-08-15,16.2079208042712
2017-08-16,16.2386263812477
2017-08-17,16.2178224688882
2017-08-18,16.0126185747307
2017-08-21,15.343565284799
2017-08-22,14.2743953784895
2017-08-23,14.4036603850775
2017-08-24,14.4829035766972
2017-08-25,14.9569147907135
2017-08-28,14.7214543060488
2017-08-29,14.1928044155579
2017-08-30,14.3906522529794
2017-08-31,17.0073872766154
2017-09-01,14.4102093353968
2017-09-05,15.1739834443327
2017-09-06,15.8984733581659
2017-09-07,16.6463316250328
2017-09-08,17.1000049791253
2017-09-11,16.1545100917105
2017-09-12,15.7231579826402
2017-09-13,16.6494377944423
2017-09-14,16.1007903648437
2017-09-15,13.4653735962484
2017-09-18,12.9050726672888
2017-09-19,12.9463144527617
2017-09-20,10.4393369332535
2017-09-21,8.73906900894333
2017-09-22,8.06801094492851
2017-09-25,8.0242154334802
2017-09-26,9.21609699108748
2017-09-27,10.0430289245827
2017-09-28,9.96749317222147
2017-09-29,9.35364789418603
2017-10-02,9.41036174929448
2017-10-03,9.72043706649341
2017-10-04,9.73070351799256
2017-10-05,9.94211490854049
2017-10-06,9.8585648569536
2017-10-09,9.65537630735806
2017-10-10,9.56963036356909
2017-10-11,9.09521310715033
2017-10-12,9.05926122212824
2017-10-13,8.49814204186744
2017-10-16,8.43102224522087
2017-10-17,8.76677433374955
2017-10-18,8.78086520109271
2017-10-19,8.72367924750683
2017-10-20,9.65347354087301
2017-10-23,10.1311273694882
2017-10-24,9.60757882220529
2017-10-25,9.52197721956446
2017-10-26,10.8249423900853
2017-10-27,9.84305896980578
2017-10-30,9.28367766996748
2017-10-31,11.8416962863251
2017-11-01,11.5245877337309
2017-11-02,11.2177922141325
2017-11-03,12.259360949023
2017-11-06,12.4546754727328
2017-11-07,12.5984587006039
2017-11-08,11.7767806184811
2017-11-09,12.1718721720317
2017-11-10,13.0937862345823
2017-11-13,12.7990630080104
2017-11-14,12.817474175277
2017-11-15,11.7745800773982
2017-11-16,14.1596653307469
2017-11-17,13.8500643474119
2017-11-20,13.7402508717367
2017-11-21,13.1769202949963
2017-11-22,13.5980874491344
2017-11-24,13.8877148756555
2017-11-27,15.1379964834655
2017-11-28,16.1817888492775
2017-11-29,15.6302601314035
2017-11-30,15.8922125664135
2017-12-01,16.3667922013812
2017-12-04,16.7681140879664
2017-12-05,14.5993965747931
2017-12-06,14.3264489891326
2017-12-07,16.3161190634983
2017-12-08,15.0764893267627
2017-12-11,14.7254509246681
2017-12-12,14.468436034234
2017-12-13,14.9740884295623
2017-12-14,16.8059222351577
2017-12-15,18.4795553675687
2017-12-18,18.1969733237752
2017-12-19,18.0825496282173
2017-12-20,17.9764943118004
2017-12-21,17.7440806812731
2017-12-22,16.5366606498727
2017-12-26,15.7006315248681
2017-12-27,15.7666891882052
2017-12-28,15.29034659958
2017-12-29,14.5935281998967
2018-01-02,15.2313291719431
2018-01-03,16.3445713411617
2018-01-04,16.4011847942815
2018-01-05,16.7863273196726
2018-01-08,16.5383545260525
2018-01-09,17.6033061524385
2018-01-10,18.0152229763787
2018-01-11,17.3393649164743
2018-01-12,18.3851602954123
2018-01-16,21.7069286039094
2018-01-17,20.4999659791458
2018-01-18,19.474317349255
2018-01-19,18.7878026693537
2018-01-22,18.9587084242683
2018-01-23,19.1189515506542
2018-01-24,21.0413239778253
2018-01-25,20.3595760474696
2018-01-26,18.8310876084953
2018-01-30,18.7083831519057
2018-01-31,17.5774557478083
2018-02-01,17.541566458241
2018-02-02,19.6616636227821
2018-02-05,21.2844907972013
2018-02-06,20.7270742760393
2018-02-07,20.5916828674244
2018-02-08,19.6994238057555
2018-02-09,18.8618638698573
2018-02-12,18.3980887493816
2018-02-13,18.0095820077344
2018-02-14,20.4769883931645
2018-02-15,17.427019974122
2018-02-16,17.228396777179
2018-02-20,16.6792388674752
2018-02-21,16.577507546964
2018-02-22,16.4282280395817
2018-02-23,16.3327254458028
2018-02-26,16.2527580637269
2018-02-27,16.0891560954852
2018-02-28,15.6505097305084
2018-03-01,15.7356893436251
2018-03-02,16.7417064628758
2018-03-05,17.2885238059799
2018-03-06,17.9053449249911
2018-03-07,18.6883999130707
2018-03-08,18.1722366832626
2018-03-09,17.4648115055163
2018-03-12,17.5805996967942
2018-03-13,17.2739069647719
2018-03-14,18.8395086272502
2018-03-15,18.7991436561055
2018-03-16,18.6950174069943
2018-03-19,19.0222305253037
2018-03-20,19.4897593807406
2018-03-21,19.7892497158641
2018-03-22,25.8900964772128
2018-03-23,26.2890685006245
2018-03-26,26.380765852412
2018-03-27,28.3827758508331
2018-03-28,28.6826029192922
2018-03-29,28.6582766647789
2018-04-02,28.4061857928087
2018-04-03,26.6979140517455
2018-04-04,27.3778903858985
2018-04-05,27.3605350413321
2018-04-06,25.7031658262502
2018-04-09,25.6344849701111
2018-04-10,25.5519782873676
2018-04-11,23.9700009433027
2018-04-12,24.1290184504054
2018-04-13,23.6120888450507
2018-04-16,23.0606183163831
2018-04-17,22.473938537042
2018-04-18,22.182858021148
2018-04-19,22.185594783269
2018-04-20,22.4777349016837
2018-04-23,22.4835312386514
2018-04-24,22.3781271207982
2018-04-25,21.2805163285379
2018-04-26,21.1169555098484
2018-04-27,21.1145269345536
2018-04-30,21.2647752575638
2018-05-01,21.1507901958944
2018-05-02,21.0366555711352
2018-05-03,21.3246734831325
2018-05-04,20.9980660651553
2018-05-07,20.8889071241036
2018-05-08,19.9991819927152
2018-05-09,19.2472931060221
2018-05-10,19.5232589352965
2018-05-11,21.5201125650989
2018-05-14,21.6914687126883
2018-05-15,23.0705034583857
2018-05-16,22.6641760836513
2018-05-17,22.8698290040864
2018-05-18,22.3721002939583
2018-05-21,22.0856283738668
2018-05-22,21.4479114734196
2018-05-23,22.0067929290954
2018-05-24,22.129431549214
2018-05-25,21.9387934475895
2018-05-29,22.1707407767546
2018-05-30,22.8115416312641
2018-05-31,22.3097335101226
2018-06-01,22.0481798807607
2018-06-04,21.9354566753159
2018-06-05,21.1522822155707
2018-06-06,20.219739383203
2018-06-07,18.9360192697526
2018-06-08,18.7485992485506
2018-06-11,20.4666119232296
2018-06-12,21.2920314851733
2018-06-13,20.9932083926928
2018-06-14,21.1963402122736
2018-06-15,17.6462236868723
2018-06-18,16.7413368100383
2018-06-19,17.0912519314048
2018-06-20,16.8904787283247
2018-06-21,16.8776234865789
2018-06-22,16.6467488963213
2018-06-25,15.6747286523145
2018-06-26,15.8027391156797
2018-06-27,14.4666096234947
2018-06-28,14.4346384188292
2018-06-29,13.5324261214486
2018-07-02,13.2741281109981
2018-07-03,13.2675541174572
2018-07-05,13.4651399249879
2018-07-06,13.1982749500318
2018-07-09,13.0923750447767
2018-07-10,13.4987925967854
2018-07-11,15.3211946486624
2018-07-12,15.5469511645645
2018-07-13,14.9882650704286
2018-07-16,15.1918949472507
2018-07-17,16.0024297088275
2018-07-18,15.9817342358577
2018-07-19,15.2549783525704
2018-07-20,14.9488961261742
2018-07-23,14.7724850472098
2018-07-24,14.4677826090467
2018-07-25,14.5384398471926
2018-07-26,14.5275135548485
2018-07-27,13.8090550929656
2018-07-30,13.854092476388
2018-07-31,14.5429507221557
2018-08-01,14.7513499258131
2018-08-02,14.8581796411709
2018-08-03,14.5260310961951
2018-08-06,15.4824019170231
2018-08-07,15.0797020376439
2018-08-08,15.6829202426643
2018-08-09,15.4002591940434
2018-08-10,14.2679741833022
2018-08-13,13.6251447737096
2018-08-14,13.6528269593802
2018-08-15,13.7522951167154
2018-08-16,13.2664644635269
2018-08-17,13.6407789464181
2018-08-20,13.4629006494412
2018-08-21,13.3785924972961
2018-08-22,12.9661814152405
2018-08-23,13.2946520599204
2018-08-24,15.0857093962997
2018-08-27,15.1017511702195
2018-08-28,14.8369090786247
2018-08-29,14.5481166679733
2018-08-30,14.5658308265036
2018-08-31,13.1099857814549
2018-09-04,12.7965514057804
2018-09-05,13.9516583328772
2018-09-06,15.9972197378377
2018-09-07,15.9595114519985
2018-09-10,15.4973821203902
2018-09-11,16.1169784139347
2018-09-12,15.9491700005287
2018-09-13,14.1047029975926
2018-09-14,13.9080587634456
2018-09-17,15.2062043235031
2018-09-18,14.530721318676
2018-09-19,13.7404814675447
2018-09-20,14.1306158800766
2018-09-21,15.9348559152105
2018-09-24,16.4161441808027
2018-09-25,15.619076493335
2018-09-26,16.3426345688697
2018-09-27,21.4181054094471
2018-09-28,20.1525119339908
2018-10-01,19.2301632003939
2018-10-02,17.2665670368822
2018-10-03,16.191804235784
2018-10-04,15.8794037896522
2018-10-05,15.615429681006
2018-10-08,15.7130405194756
2018-10-09,15.6012951019877
2018-10-10,20.2441787523884
2018-10-11,26.6958823440072
2018-10-12,27.5010092972554
2018-10-15,26.0406865540671
2018-10-16,25.7976237480737
2018-10-17,25.383605352521
2018-10-18,25.1222935772862
2018-10-19,24.7886733623666
2018-10-22,24.4597183714952
2018-10-23,23.3171523821291
2018-10-24,20.8414970865178
2018-10-25,20.3106218716728
2018-10-26,20.245238149221
2018-10-29,20.596455297158
2018-10-30,19.7611758499848
2018-10-31,18.0346167374879
2018-11-01,18.8282815384266
2018-11-02,18.5397813853174
2018-11-05,18.4548718902242
2018-11-06,18.0422867747844
2018-11-07,18.677494785446
2018-11-08,19.0222701890978
2018-11-09,17.92905211874
2018-11-12,17.9310386126476
2018-11-13,17.5654205378144
2018-11-14,22.2504887409531
2018-11-15,21.4031759526151
2018-11-16,21.900507119036
2018-11-19,22.3076412016959
2018-11-20,20.1853684640778
2018-11-21,20.4911742877937
2018-11-23,20.3621160746088
2018-11-26,19.3152585135861
2018-11-27,19.6019067875025
2018-11-28,21.4981897807571
2018-11-29,21.4656359476057
2018-11-30,21.5294618281692
2018-12-03,20.9329385273445
2018-12-04,19.5675920978855
2018-12-06,19.8731242189617
2018-12-07,20.4515957306407
2018-12-10,20.7545632521841
2018-12-11,20.5958812114049
2018-12-12,20.6735691213812
2018-12-13,20.6275419414333
2018-12-14,21.3898080913851
2018-12-17,20.1271649133513
2018-12-18,17.5518563820641
2018-12-19,17.3634429128772
2018-12-20,27.2779793757346
2018-12-21,29.8790821625128
2018-12-24,29.0172026884956
2018-12-26,25.9603236641218
2018-12-27,24.4893344768451
2018-12-28,23.4494201263665
2018-12-31,23.526015192891
2019-01-02,23.4319034044777
2019-01-03,22.9713162529733
2019-01-04,22.1676696928895
2019-01-07,21.7508634327786
2019-01-08,21.9143680116234
2019-01-09,21.5954664582377
2019-01-10,21.9359773499583
2019-01-11,21.8651190826231
2019-01-14,21.8324797295225
2019-01-15,22.0072687470727
2019-01-16,21.7514269377721
2019-01-17,21.3704999870051
2019-01-18,20.5414636247484
2019-01-22,20.1400997950457
2019-01-23,20.0817706448328
2019-01-24,20.4942401203951
2019-01-25,21.1853961346539
2019-01-28,20.954329962264
2019-01-29,20.4367805195547
2019-01-30,20.2187285080047
2019-01-31,18.9667305686546
2019-02-01,18.5837878404823
2019-02-04,18.4643976574319
2019-02-05,18.1548018046478
2019-02-06,18.2728862997604
2019-02-07,18.1901384676668
2019-02-08,17.0213427327023
2019-02-11,16.7817582754416
2019-02-12,16.483168120724
2019-02-13,16.3133835960942
2019-02-14,16.2494435263019
2019-02-15,16.1121090573211
2019-02-19,16.6393781862705
2019-02-20,16.4710914975705
2019-02-21,15.7538164292726
2019-02-22,16.0472405638195
2019-02-25,15.8507442964335
2019-02-26,15.0344327082587
2019-02-27,15.2536207700448
2019-02-28,15.0886253391005
2019-03-01,14.3742479360156
2019-03-04,15.033894369452
2019-03-05,15.0428518982359
2019-03-06,14.8750693545453
2019-03-07,13.9516626026855
2019-03-08,14.3529168383012
2019-03-11,15.3572210762759
2019-03-12,15.5892516674518
2019-03-13,15.9932011221389
2019-03-14,16.4986127949147
2019-03-15,17.0018944762255
2019-03-18,16.9908581066907
2019-03-19,16.7638650086689
2019-03-20,15.2961548624089
2019-03-21,13.4344366796475
2019-03-22,12.958784503073
2019-03-25,12.6325826226645
2019-03-26,12.7833957519129
2019-03-27,13.3126626004977
2019-03-28,14.0528684056264
2019-03-29,14.4357860298757
2019-04-01,14.370037738969
2019-04-02,11.7418831814908
2019-04-03,10.9158959146336
2019-04-04,10.9634390589456
2019-04-05,10.6575390114605
2019-04-08,10.6364771038255
2019-04-09,10.9392821363686
2019-04-10,10.7561276555952
2019-04-11,12.416796133317
2019-04-12,11.8047784970208
2019-04-15,11.7806692717467
2019-04-16,12.0185739242664
2019-04-17,12.5183565448463
2019-04-18,12.0058554414114
2019-04-22,11.5724857171764
2019-04-23,12.1400082534734
2019-04-24,10.1807066546786
2019-04-25,10.3138718054746
2019-04-26,11.205634460851
2019-04-29,11.5534608626776
2019-04-30,11.3499870460795
2019-05-01,11.1296964121232
2019-05-02,13.2315808057632
2019-05-03,14.7327570857176
2019-05-06,14.7870727064491
2019-05-07,14.5314264080805
2019-05-08,13.6972883977784
2019-05-09,14.1516581072997
2019-05-10,14.251182945984
2019-05-13,13.78448782945
2019-05-14,10.8187812849011
2019-05-15,10.5003979686224
2019-05-16,12.5087714521442
2019-05-17,12.592879406896
2019-05-20,12.3213258255607
2019-05-21,12.4541981721575
2019-05-22,12.0222088922222
2019-05-23,14.798265695251
2019-05-24,14.1359767844475
2019-05-28,14.6317354791287
2019-05-29,13.7952412437755
2019-05-30,12.9111110612122
2019-05-31,16.0124459260529
2019-06-03,15.330482299113
2019-06-04,17.5650248435563
2019-06-05,16.5928544565206
2019-06-06,15.9477171683084
2019-06-07,15.8146465080168
2019-06-10,15.4399300556489
2019-06-11,15.4592773816427
2019-06-12,14.6498482551828
2019-06-13,14.4254974672641
2019-06-14,14.9071140124253
2019-06-17,13.8098771904234
2019-06-18,12.966285168165
2019-06-19,11.5808952510223
2019-06-20,14.0055331592181
2019-06-21,13.1077275569028
2019-06-24,12.4492517885385
2019-06-25,12.3881161791246
2019-06-26,12.1517004140607
2019-06-27,11.7189497971136
2019-06-28,12.114178616817
2019-07-01,12.846238887887
2019-07-02,13.4612123695709
2019-07-03,13.5622143922641
2019-07-05,13.0911954675061
2019-07-08,12.4724803294175
2019-07-09,11.2346181027807
2019-07-10,11.4957832113391
2019-07-11,12.6575104997129
2019-07-12,11.6446597472731
2019-07-15,11.2767725734493
2019-07-16,14.573996428492
2019-07-17,15.9522372386885
2019-07-18,16.801513247345
2019-07-19,16.8654111348625
2019-07-22,16.3216155028974
2019-07-23,16.6510030169577
2019-07-24,16.6285946886788
2019-07-25,16.304659310666
2019-07-26,15.0878498597709
2019-07-29,15.2528278689356
2019-07-30,15.2353050828074
2019-07-31,17.073722580044
2019-08-01,19.9251068258697
2019-08-02,19.4465026037851
2019-08-05,23.2108012837583
2019-08-06,19.4117511471454
2019-08-07,20.4307035883147
2019-08-08,21.370248901438
2019-08-09,21.1551742327255
2019-08-12,20.5651293353347
2019-08-13,21.174433327101
2019-08-14,23.2895898288419
2019-08-15,22.6687945906486
2019-08-16,22.2843025542841
2019-08-19,22.1190927420705
2019-08-20,22.4960428991578
2019-08-21,22.4173984345614
2019-08-22,20.4590797890619
2019-08-23,25.8256355804601
2019-08-26,25.6884380791315
2019-08-27,24.7815610641768
2019-08-28,24.7031503533198
2019-08-29,24.7541389042132
2019-08-30,24.7392926522315
2019-09-03,24.7039087427653
2019-09-04,22.244277418055
2019-09-05,22.9190388976253
2019-09-06,22.7150796135114
2019-09-09,22.2096039075148
2019-09-10,21.3740317908573
2019-09-11,20.2486030728041
2019-09-12,20.2169657053204
2019-09-13,19.3666000904512
2019-09-16,18.8503628190576
2019-09-17,18.900926960465
2019-09-18,18.8917826263821
2019-09-19,22.4491731729692
2019-09-20,18.9770700700442
2019-09-23,18.6034849578446
2019-09-24,21.3715559418315
2019-09-25,21.7867659652611
2019-09-26,20.6262771422206
2019-09-27,19.4977334598374
2019-09-30,19.072984146956
2019-10-01,19.7897931715886
2019-10-02,19.9157313727025
2019-10-03,19.1629615110138
2019-10-04,19.1620447849618
2019-10-07,19.01975875859
2019-10-08,18.505980965795
2019-10-09,17.4531471360005
2019-10-10,16.3753994283344
2019-10-11,15.1061789521998
2019-10-14,14.7059620757243
2019-10-15,15.0806758869358
2019-10-16,16.4668282027384
2019-10-17,15.6947148534239
2019-10-18,15.1260040829193
2019-10-21,14.7232944759313
2019-10-22,14.6111953871793
2019-10-23,14.453087460521
2019-10-24,13.2850683318353
2019-10-25,13.3245605076057
2019-10-28,12.7951601227685
2019-10-29,12.651743488678
2019-10-30,12.1518973713399
2019-10-31,13.1938930960665
2019-11-01,13.0552239065646
2019-11-04,12.9057058613252
2019-11-05,13.1365826606746
2019-11-06,13.0846493583351
2019-11-07,12.9662366867016
2019-11-08,12.4337368498351
2019-11-11,12.4280960304871
2019-11-12,12.8219726553473
2019-11-13,12.8258488955041
2019-11-14,13.3122966597832
2019-11-15,14.2614113075169
2019-11-18,14.1208207095055
2019-11-19,12.1763640567146
2019-11-20,12.2971641614627
2019-11-21,13.227469000108
2019-11-22,12.7796192932173
2019-11-25,12.6578420500515
2019-11-26,12.2458273757874
2019-11-27,13.0555565915731
2019-11-29,12.1230650664938
2019-12-02,11.2102334984809
2019-12-03,11.6401179582734
2019-12-04,11.6586248419891
2019-12-05,13.8160631372179
2019-12-06,14.8254813302883
2019-12-09,14.1267953632516
2019-12-10,13.9942229761757
2019-12-11,13.79751919407
2019-12-12,13.4983961615174
2019-12-13,13.8546463644366
2019-12-16,14.8856318947026
2019-12-17,15.762409951318
2019-12-18,14.7283073849641
2019-12-19,14.6147371472718
2019-12-20,14.7235607849855
2019-12-23,14.7803932630117
2019-12-24,14.2076523182243
2019-12-26,13.9829882051934
2019-12-27,12.5196574665195
2019-12-30,12.4660205442903
2019-12-31,12.1754605388992
2020-01-02,12.4910892700125
2020-01-03,12.2107841503654
2020-01-06,11.3017927508922
2020-01-07,11.3678382687268
2020-01-08,12.4764813779636
2020-01-09,13.2750514126095
2020-01-10,12.3941354401184
2020-01-13,12.3389364453856
2020-01-14,11.408563523576
2020-01-15,11.3872069266076
2020-01-16,10.4241707234842
2020-01-17,9.85196048390879
2020-01-21,9.03683568554811
2020-01-22,8.8694811304771
2020-01-23,8.04927744074917
2020-01-24,6.92858089176145
2020-01-27,7.61915864650471
2020-01-28,7.38981342214894
2020-01-29,7.40659548978224
2020-01-30,7.08618109453794
2020-01-31,6.91290618537214
2020-02-03,6.23920333183417
2020-02-04,12.2565984652242
2020-02-05,12.2566857059376
2020-02-06,11.8027484549311
2020-02-07,12.1113544494807
2020-02-10,12.1815888732104
2020-02-11,11.111765971256
2020-02-12,11.9867392838517
2020-02-13,12.2434548377955
2020-02-14,11.6366901806303
2020-02-18,11.4063465491718
2020-02-19,10.6688611627969
2020-02-20,10.1135813962711
2020-02-21,13.687110908757
2020-02-24,17.1993618193994
2020-02-25,15.2202025829896
2020-02-26,17.4792380186956
2020-02-27,17.3756960547017
2020-02-28,17.2391812673456
2020-03-02,16.5879312568721
2020-03-03,16.0969038481274
2020-03-04,19.621519599038
2020-03-05,22.9138055942008
2020-03-06,23.939519739848
2020-03-09,29.3381457209467
2020-03-10,26.5677536527175
2020-03-11,27.388474189675
2020-03-12,40.5916001585658
2020-03-13,41.9824560535892
2020-03-16,46.9684422971332
2020-03-17,45.2102771727358
2020-03-18,44.2361406553993
2020-03-19,40.3100629564102
2020-03-20,39.5235091599924
2020-03-23,38.9518915192893
2020-03-24,37.5584945484178
2020-03-25,36.8285711876708
2020-03-26,36.7467523724816
2020-03-27,36.7491418629735
2020-03-30,36.5301196159345
2020-03-31,36.1508451109984
2020-04-01,35.1700432802482
2020-04-02,34.7688641438739
2020-04-03,34.5794910679094
2020-04-06,34.5155656769363
2020-04-07,33.714253798165
2020-04-08,33.5956588695414
2020-04-09,33.2899859318155
2020-04-13,32.4096011953944
2020-04-14,32.2383448232232
2020-04-15,32.3309149541375
2020-04-16,31.82211142117
2020-04-17,30.8746197960455
2020-04-20,30.6322810052638
2020-04-21,30.1078664203931
2020-04-22,29.7835929957707
2020-04-23,29.7237583755836
2020-04-24,29.6727310586144
2020-04-27,29.3360892762535
2020-04-28,29.2661870958062
2020-04-29,28.8696913331815
2020-04-30,29.0036487323237
2020-05-01,28.3329787046165
2020-05-04,28.0820896199184
2020-05-05,27.399788122614
2020-05-06,27.0308658401236
2020-05-07,28.3106695409977
2020-05-08,28.0181179503903
2020-05-11,27.4034441445686
2020-05-12,26.3977398650311
2020-05-13,25.3480333202296
2020-05-14,25.6985987569953
2020-05-15,24.8399700533729
2020-05-18,25.3202055919257
2020-05-19,24.9797822564862
2020-05-20,24.8241323208659
2020-05-21,25.3023424550297
2020-05-22,24.9772028093117
2020-05-26,24.1544173082065
2020-05-27,24.1129526780075
2020-05-28,24.0290967788927
2020-05-29,23.4841288285919
2020-06-01,23.4120310204551
2020-06-02,23.0072522900031
2020-06-03,22.1295836962238
2020-06-04,21.3996661840205
2020-06-05,21.4959719228292
2020-06-08,21.5281648670269
2020-06-09,21.5910046224315
2020-06-10,21.3662641150622
2020-06-11,24.3892880234719
2020-06-12,23.5182911838807
2020-06-15,23.1677991595822
2020-06-16,22.7599003948367
2020-06-17,21.6067611450892
2020-06-18,20.1830581719041
2020-06-19,19.8603913232647
2020-06-22,19.7871566905587
2020-06-23,20.0344527480491
2020-06-24,20.595169685641
2020-06-25,20.5037654488815
2020-06-26,20.6824811755959
2020-06-29,20.4970215514365
2020-06-30,20.5469837038627
2020-07-01,20.127776080165
2020-07-02,19.8204578842036
2020-07-06,19.7495336728871
2020-07-07,19.0200619419142
2020-07-08,19.7392186311521
2020-07-09,20.004442207311
2020-07-10,19.8897293940817
2020-07-13,18.7682888015149
2020-07-14,19.0532180300057
2020-07-15,19.2297033602101
2020-07-16,19.0605660129447
2020-07-17,18.7123275477612
2020-07-20,19.0462289982294
2020-07-21,20.4787632423147
2020-07-22,18.3705792460381
2020-07-23,17.9012864003755
2020-07-24,17.7419658577414
2020-07-27,19.598364194049
2020-07-28,16.7238206451002
2020-07-29,17.1408521654642
2020-07-30,16.9769402419094
2020-07-31,15.1245556982485
2020-08-03,14.6310418674397
2020-08-04,14.9169827408486
2020-08-05,18.5831102409426
2020-08-06,17.8551593688913
2020-08-07,17.4794488028955
2020-08-10,17.0416507771726
2020-08-11,16.8039805119037
2020-08-12,17.1166097311904
2020-08-13,17.5014891400279
2020-08-14,16.7064998673878
2020-08-17,16.1847237178904
2020-08-18,16.0344073941829
2020-08-19,19.0247566428677
2020-08-20,18.7181153560162
2020-08-21,17.9865413107109
2020-08-24,17.9360662833388
2020-08-25,16.7863738790102
2020-08-26,16.0762476981513
2020-08-27,16.6958573346135
2020-08-28,19.5205274740379
2020-08-31,17.9351282266983
2020-09-01,16.0792654158377
2020-09-02,19.2855764371059
2020-09-03,22.345227527752
2020-09-04,22.4648964321446
2020-09-08,22.5559813004537
2020-09-09,22.8004126680133
2020-09-10,21.9874133373181
2020-09-11,21.3531275067635
2020-09-14,20.9714279367784
2020-09-15,21.1098560001408
2020-09-16,20.7642355764664
2020-09-17,19.5161530678967
2020-09-18,19.3505053011875
2020-09-21,19.4459964694103
2020-09-22,18.6869694081759
2020-09-23,20.600479956165
2020-09-24,20.0033384752357
2020-09-25,19.2392350215741
2020-09-28,19.1228640533351
2020-09-29,20.1323446920413
2020-09-30,20.1357168474122
2020-10-01,19.8353668847926
2020-10-02,19.3443941522647
2020-10-05,18.5741583062408
2020-10-06,18.4709507780142
2020-10-07,17.9699941561614
2020-10-08,18.346595423729
2020-10-09,21.0363829911501
2020-10-12,23.0197558197412
2020-10-13,24.7744135135228
2020-10-14,25.1655248948484
2020-10-15,23.3611032961698
2020-10-16,22.7660370802654
2020-10-19,21.8185520454557
2020-10-20,22.4084410839255
2020-10-21,23.9655892017442
2020-10-22,23.6386233091159
2020-10-23,23.8235499428651
2020-10-26,22.4389875993607
2020-10-27,22.1987042345111
2020-10-28,23.3734224768292
2020-10-29,22.2939862564317
2020-10-30,22.7428901567108
2020-11-02,22.3434966163556
2020-11-03,23.3331371941152
2020-11-04,22.2550128696928
2020-11-05,30.5815459018326
2020-11-06,30.3128423616884
2020-11-09,29.4743919417885
2020-11-10,29.2713554087853
2020-11-11,27.807993234578
2020-11-12,26.5971592629687
2020-11-13,27.1368517190128
2020-11-16,27.10909700434
2020-11-17,26.8028086068551
2020-11-18,26.2750738384665
2020-11-19,26.9500933916479
2020-11-20,27.0545346579348
2020-11-23,26.5276269972861
2020-11-24,23.7040654898275
2020-11-25,22.8797558251469
2020-11-27,22.4994643729596
2020-11-30,23.852509065336
2020-12-01,23.346724789297
2020-12-02,23.3951355879217
2020-12-03,23.5932412977368
2020-12-04,22.4873850975283
2020-12-07,22.1179939283777
2020-12-08,21.3050394098674
2020-12-09,20.2593566529229
2020-12-10,19.5973551622836
2020-12-11,19.2496043372534
2020-12-14,18.0524363865856
2020-12-15,19.8400768164013
2020-12-16,18.8224821494012
2020-12-17,20.4452624961086
2020-12-18,19.7628067123616
2020-12-21,19.3951296579537
2020-12-22,18.7824438997321
2020-12-23,18.0541055605612
2020-12-24,18.3822114940807
2020-12-28,18.4069350115923
2020-12-29,18.4632460785156
2020-12-30,19.7614450543748
2020-12-31,18.4426776152558
2021-01-04,19.3894965413382
2021-01-05,20.1722786310996
2021-01-06,18.2924276483964
2021-01-07,15.0844167966958
2021-01-08,14.3965232313514
2021-01-11,18.8871440313634
2021-01-12,17.7125856708605
2021-01-13,18.4508608308995
2021-01-14,17.9281901071886
2021-01-15,20.2399639283568
2021-01-19,18.2210052474417
2021-01-20,18.2700425243134
2021-01-21,20.112068752146
2021-01-22,19.6380445108041
2021-01-25,20.242408803045
2021-01-26,19.8030187507426
2021-01-27,25.7377855437022
2021-01-28,29.9568068042983
2021-01-29,29.2725522262964
2021-02-01,26.7959895610261
2021-02-02,25.7477044565916
2021-02-03,26.1146334821134
2021-02-04,25.4892661539581
2021-02-05,26.2588680054207
2021-02-08,25.9762648389064
2021-02-09,26.5930159289359
2021-02-10,26.7024529806698
2021-02-11,26.4912088395878
2021-02-12,26.0849770550923
2021-02-16,25.1745245146442
2021-02-17,25.0950639753215
2021-02-18,23.6810383075158
2021-02-19,24.2096723157502
2021-02-22,24.1106747842711
2021-02-23,23.1600545578334
2021-02-24,22.7853515347314
2021-02-25,23.3616332670778
2021-02-26,24.1434940011047
2021-03-01,24.3855084088756
2021-03-02,23.8883400561937
2021-03-03,23.5643203758088
2021-03-04,22.9942920953266
2021-03-05,22.4490702492074
2021-03-08,22.2980258028347
2021-03-09,23.243247922645
2021-03-10,22.8525756077384
2021-03-11,22.8121086247151
2021-03-12,22.6155521161739
2021-03-15,22.4074118460839
2021-03-16,21.4352105717214
2021-03-17,20.9202801136523
2021-03-18,20.4421156870521
2021-03-19,20.4785139057588
2021-03-22,20.1726505920543
2021-03-23,21.3447830844099
2021-03-24,21.2512636363602
2021-03-25,20.964142653771
2021-03-26,21.7200033287072
2021-03-29,21.1114226728567
2021-03-30,21.1410166474805
2021-03-31,21.4504386640844
2021-04-01,21.125972376725
2021-04-05,20.1711335050964
2021-04-06,20.0427993671203
2021-04-07,20.0696984339012
2021-04-08,20.8196062113522
2021-04-09,19.8261430542124
2021-04-12,19.5940055535031
2021-04-13,20.2531964286329
2021-04-14,20.0262812867586
2021-04-15,19.5283917018813
2021-04-16,19.4589999115526
2021-04-19,19.3406433648273
2021-04-20,18.6956441716554
2021-04-21,17.4580804922958
2021-04-22,21.2674097508358
2021-04-23,19.3084073923404
2021-04-26,18.4880591512842
2021-04-27,17.2722915251992
2021-04-28,16.8924890144238
2021-04-29,15.5925339866323
2021-04-30,14.7660992866169
2021-05-03,13.321263991312
2021-05-04,14.1689100101111
2021-05-05,15.3015520885501
2021-05-06,15.4689150908617
2021-05-07,16.7837470299374
2021-05-10,15.2038875445811
2021-05-11,15.2621494665147
2021-05-12,22.4742694567076
2021-05-13,22.4908608062678
2021-05-14,23.206252535478
2021-05-17,21.8976289723542
2021-05-18,21.3086371171708
2021-05-19,21.079312778847
2021-05-20,24.2448677324331
2021-05-21,24.2147646459268
2021-05-24,23.9338780297688
2021-05-25,23.6166037687395
2021-05-26,22.067049083134
2021-05-27,21.4393443122787
2021-05-28,20.4237145271715
2021-06-01,18.3272850822072
2021-06-02,18.2181849351382
2021-06-03,17.9704953569743
2021-06-04,18.6203248461549
2021-06-07,17.8329265844089
2021-06-08,18.0895133165866
2021-06-09,18.1120421221024
2021-06-10,17.4637434004911
2021-06-11,17.6582079541362
2021-06-14,17.5890844544725
2021-06-15,17.7460101243225
2021-06-16,16.667031815863
2021-06-17,25.3861369966841
2021-06-18,25.8739058551928
2021-06-21,25.0485393383665
2021-06-22,25.0138443463433
2021-06-23,25.0857540933966
2021-06-24,24.6789881792113
2021-06-25,24.7657841500167
2021-06-28,25.0006579789668
2021-06-29,24.5911974774554
2021-06-30,22.5132013124067
2021-07-01,21.5042070338261
2021-07-02,21.8500382716125
2021-07-06,22.1114031784003
2021-07-07,21.9699782926514
2021-07-08,21.574640162404
2021-07-09,21.8212875093355
2021-07-12,21.856420398454
2021-07-13,22.5560957455738
2021-07-14,23.8106226295693
2021-07-15,24.2550593974854
2021-07-16,23.4828181144619
2021-07-19,23.0098769094233
2021-07-20,23.0774760299937
2021-07-21,22.8614543703624
2021-07-22,22.8112309601408
2021-07-23,22.617100944501
2021-07-26,21.8348722032099
2021-07-27,23.3412109953523
2021-07-28,22.9047610722811
2021-07-29,23.7103369604639
2021-07-30,21.5820923836792
2021-08-02,21.1496578916845
2021-08-03,20.907478971774
2021-08-04,20.0268097935707
2021-08-05,19.2001673336296
2021-08-06,18.8726946525838
2021-08-09,19.9525041900952
2021-08-10,19.6792996436519
2021-08-11,20.3078428244987
2021-08-12,18.6715399435494
2021-08-13,18.2692355822977
2021-08-16,18.245778997853
2021-08-17,18.4018106356447
2021-08-18,19.8712183136508
2021-08-19,19.3724205758378
2021-08-20,19.7421710074929
2021-08-23,19.7471572008377
2021-08-24,19.2613712949871
2021-08-25,18.9479662255378
2021-08-26,19.1520306934295
2021-08-27,21.6736711780758
2021-08-30,22.1414533356957
2021-08-31,21.2135189145022
2021-09-01,20.2664650183782
2021-09-02,19.1752206024638
2021-09-03,19.1914112134315
2021-09-07,18.8625467582848
2021-09-08,19.1317197238306
2021-09-09,19.1960057241751
2021-09-10,19.6934480106459
2021-09-13,19.5298720956036
2021-09-14,19.4158962234068
2021-09-15,19.3218037442503
2021-09-16,20.1365466537324
2021-09-17,19.7145486206613
2021-09-20,20.370007708609
2021-09-21,19.1587338424783
2021-09-22,18.8102526474584
2021-09-23,17.2795799604434
2021-09-24,16.5350374252691
2021-09-27,16.3200044405059
2021-09-28,18.7558210439265
2021-09-29,18.7215958019501
2021-09-30,21.3866269463553
2021-10-01,21.210406559535
2021-10-04,20.810293325381
2021-10-05,21.3379572021189
2021-10-06,18.9740486576517
2021-10-07,18.2498910417995
2021-10-08,17.6212310078488
2021-10-11,17.2837538858272
2021-10-12,17.1023568486251
2021-10-13,19.2261924180511
2021-10-14,19.4336101490246
2021-10-15,18.7809134990375
2021-10-18,18.0473512304654
2021-10-19,19.1569775811993
2021-10-20,20.0802828242623
2021-10-21,20.3291004943955
2021-10-22,20.6492993886138
2021-10-25,21.1084886952826
2021-10-26,21.9164606695055
2021-10-27,21.4339444243842
2021-10-28,22.776305705455
2021-10-29,20.9986233959684
2021-11-01,20.0072433163488
2021-11-02,20.0660620850864
2021-11-03,19.7098189338541
2021-11-04,16.9307894382339
2021-11-05,16.3995205990785
2021-11-08,16.5958144689197
2021-11-09,16.2759776751132
2021-11-10,16.3278709719244
2021-11-11,15.4418375607769
2021-11-12,15.5072715555586
2021-11-15,15.2750327017074
2021-11-16,15.3099752905635
2021-11-17,14.1273069249211
2021-11-18,12.8868531268242
2021-11-19,12.102929372942
2021-11-22,12.7473825100481
2021-11-23,12.3493615371736
2021-11-24,11.5728833732193
2021-11-26,15.1530679384999
2021-11-29,14.8918785315387
2021-11-30,15.0681789555387
2021-12-01,14.8834312742473
2021-12-02,14.6468274078703
2021-12-03,14.7771576569176
2021-12-06,13.0791558990111
2021-12-07,13.1421756910484
2021-12-08,12.9872943791978
2021-12-09,15.3314701754134
2021-12-10,15.7440091543969
2021-12-13,15.4753787831303
2021-12-14,13.9611084858352
2021-12-15,14.880812802344
2021-12-16,15.6149772876651
2021-12-17,15.7632368876036
2021-12-20,15.6142364807994
2021-12-21,15.1340798289126
2021-12-22,15.941501284718
2021-12-23,15.9637478067356
2021-12-27,16.1305871177453
2021-12-28,14.7266878727159
2021-12-29,13.9828532157625
2021-12-30,14.1761561456548
2021-12-31,15.1589725838727
2022-01-03,15.7230771230713
2022-01-04,14.5459413062089
2022-01-05,14.1186498377693
2022-01-06,14.534608069973
2022-01-07,14.1050476376909
2022-01-10,14.3201333311683
2022-01-11,15.6914368968373
2022-01-12,16.6046642816717
2022-01-13,16.3404647878384
2022-01-14,15.6632760228812
2022-01-18,17.3215248281642
2022-01-19,18.9347164265887
2022-01-20,19.6557967298622
2022-01-21,24.225263849903
2022-01-24,23.9288401155389
2022-01-25,23.1822613898724
2022-01-26,23.6165222273612
2022-01-27,24.8755424287857
2022-01-28,25.1704907672123
2022-01-31,23.9088899515743
2022-02-01,23.2539110116989
2022-02-02,23.8715638333868
2022-02-03,22.3737412687839
2022-02-04,20.9630098800093
2022-02-07,20.4901675596744
2022-02-08,20.1399899808459
2022-02-09,20.4508262718244
2022-02-10,19.6581692711553
2022-02-11,20.4586857383082
2022-02-14,19.904267460611
2022-02-15,17.9743493837067
2022-02-16,17.8286206267937
2022-02-17,23.8147105223551
2022-02-18,23.8293480778538
2022-02-22,24.5365986025346
2022-02-23,24.2868806120766
2022-02-24,22.4049002684268
2022-02-25,23.1823253893838
2022-02-28,22.6190824748684
2022-03-01,21.2920607294495
2022-03-02,21.4353637494362
2022-03-03,20.755948667452
2022-03-04,26.7482555937215
2022-03-07,27.5998933039626
2022-03-08,24.4965827807563
2022-03-09,32.2381261045434
2022-03-10,29.9360684980344
2022-03-11,29.6058512961022
2022-03-14,28.903922487375
2022-03-15,29.5974270663145
2022-03-16,29.2236880805318
2022-03-17,29.9328502902694
2022-03-18,25.2203353306541
2022-03-21,24.9959940603064
2022-03-22,24.7119981330337
2022-03-23,24.4311569350921
2022-03-24,23.8506967771074
2022-03-25,23.869263310013
2022-03-28,22.9304007001343
2022-03-29,24.3978192175464
2022-03-30,23.141273292315
2022-03-31,24.5200117036957
2022-04-01,24.0953444515286
2022-04-04,23.5453109529017
2022-04-05,23.8478642690762
2022-04-06,24.4268644834969
2022-04-07,23.7868963578145
2022-04-08,23.753454661073
2022-04-11,23.9408706205345
2022-04-12,24.6550448025449
2022-04-13,23.8899578656429
2022-04-14,24.1612782383466
2022-04-18,23.9778973192201
2022-04-19,24.7937819304638
2022-04-20,22.8224491069656
2022-04-21,23.1884533732376
2022-04-22,24.1613226896882
2022-04-25,23.5851309324715
2022-04-26,26.4158787230347
2022-04-27,25.5769657017744
2022-04-28,24.6613560860763
2022-04-29,23.9153179885058
2022-05-02,24.5462829116167
2022-05-03,23.1016917558034
2022-05-04,26.0122587367116
2022-05-05,47.3873049436812
2022-05-06,43.4519266510759
2022-05-09,43.4343360605076
2022-05-10,42.3025750364163
2022-05-11,42.4126925219857
2022-05-12,41.9681982406463
2022-05-13,40.7219375736849
2022-05-16,40.5794159141029
2022-05-17,40.172469681421
2022-05-18,36.0624911556797
2022-05-19,35.9176471624329
2022-05-20,35.5338697183551
2022-05-23,35.3908805134852
2022-05-24,33.9456403736189
2022-05-25,33.5505822607601
2022-05-26,33.312115556455
2022-05-27,32.2289962857979
2022-05-31,32.0205918336844
2022-06-01,32.5750979485211
2022-06-02,33.1314248389785
2022-06-03,33.7335354273867
2022-06-06,33.7304943431949
2022-06-07,34.1681484340662
2022-06-08,34.4313721492916
2022-06-09,34.8576887486987
2022-06-10,31.9339943456814
2022-06-13,35.2378648304159
2022-06-14,31.0813834164352
2022-06-15,30.8124407971379
2022-06-16,34.8146731666075
2022-06-17,31.7267185567941
2022-06-21,31.7968205800317
2022-06-22,31.6912637327867
2022-06-23,31.0444918683568
2022-06-24,31.0543230820492
2022-06-27,30.9582963792847
2022-06-28,30.0894919843923
2022-06-29,30.0856459509067
2022-06-30,29.3623007443269
2022-07-01,28.4020715214503
2022-07-05,27.6663172465823
2022-07-06,27.6443337187535
2022-07-07,27.4631434644248
2022-07-08,27.1191198960633
2022-07-11,27.3709939503006
2022-07-12,26.9787938031143
2022-07-13,26.447203334605
2022-07-14,25.6479898678846
2022-07-15,25.6503078031121
2022-07-18,24.3270909888437
2022-07-19,23.5816195993739
2022-07-20,23.3903883978885
2022-07-21,22.7097638309353
2022-07-22,22.3941108427104
2022-07-25,22.5599621293852
2022-07-26,24.0866401562787
2022-07-27,24.2881122705821
2022-07-28,24.5353340310602
2022-07-29,22.7021048221862
2022-08-01,22.0063349190622
2022-08-02,22.188984829813
2022-08-03,21.7388047757029
2022-08-04,21.7543491400708
2022-08-05,21.9864331715319
2022-08-08,21.9632530631858
2022-08-09,21.6184193084809
2022-08-10,21.5266877704526
2022-08-11,21.4135116791995
2022-08-12,20.9651961520203
2022-08-15,20.6451782431113
2022-08-16,20.2723421650663
2022-08-17,19.7977025672766
2022-08-18,19.4895518751534
2022-08-19,20.3988345753573
2022-08-22,19.409107860778
2022-08-23,19.4060885476515
2022-08-24,19.0581053205197
2022-08-25,19.330761987115
2022-08-26,22.0389181851324
2022-08-29,22.111555395707
2022-08-30,21.9310360400644
2022-08-31,21.7738052304213
2022-09-01,21.7696918516298
2022-09-02,21.2427764794486
2022-09-06,21.5899753149324
2022-09-07,25.5836433222262
2022-09-08,25.1644165786226
2022-09-09,24.5288791019949
2022-09-12,23.302975980005
2022-09-13,28.09637363569
2022-09-14,27.3405166523316
2022-09-15,26.265521694815
2022-09-16,25.3597663142154
2022-09-19,25.1313621052654
2022-09-20,26.0034965322955
2022-09-21,25.8292478483804
2022-09-22,27.6080822305115
2022-09-23,30.1834133165679
2022-09-26,32.5550048199769
2022-09-27,32.3440573039352
2022-09-28,33.9678584807854
2022-09-29,32.257364901842
2022-09-30,32.2484186590633
2022-10-03,32.2174902048349
2022-10-04,31.7673825835057
2022-10-05,31.3146882195779
2022-10-06,31.268323394475
2022-10-07,31.4762331204728
2022-10-10,31.8461718364631
2022-10-11,30.6602019192898
2022-10-12,30.1697881349564
2022-10-13,30.1109561054496
2022-10-14,30.3241414050155
2022-10-17,29.6893832755436
2022-10-18,29.5365321476138
2022-10-19,30.1811165875883
2022-10-20,29.9557940209723
2022-10-21,29.84472508145
2022-10-24,29.4206241308719
2022-10-25,30.6753294661079
2022-10-26,32.1708368053639
2022-10-27,32.6454164117826
2022-10-28,31.2915713865751
2022-10-31,30.9463634192041
2022-11-01,30.0971936012503
2022-11-02,30.0236186121431
2022-11-03,34.6895990365048
2022-11-04,34.19198580525
2022-11-07,33.0844520810535
2022-11-08,34.822099106538
2022-11-09,33.6054661681416
2022-11-10,35.5430581075601
2022-11-11,34.9113543470265
2022-11-14,33.2137526160248
2022-11-15,32.4416249350927
2022-11-16,31.8799477478977
2022-11-17,31.693438482142
2022-11-18,31.0284873399735
2022-11-21,30.7352206943427
2022-11-22,30.5556006432753
2022-11-23,30.3735456540456
2022-11-25,30.3254537053281
2022-11-28,29.8314376361834
2022-11-29,29.487748824027
2022-11-30,28.324006173917
2022-12-01,27.1128894988898
2022-12-02,26.8533023010442
2022-12-05,26.7461096207588
2022-12-06,26.2643356480527
2022-12-07,26.1045810284653
2022-12-08,26.2256008027023
2022-12-09,26.1140611114019
2022-12-12,25.3745635912742
2022-12-13,27.4955649866913
2022-12-14,26.8767890176206
2022-12-15,30.573653471723
2022-12-16,30.2046418931876
2022-12-19,29.9970765123031
2022-12-20,30.569890054486
2022-12-21,30.0319802952454
2022-12-22,30.002412354542
2022-12-23,29.4797830734342
2022-12-27,29.2432702650292
2022-12-28,29.0354844010191
2022-12-29,29.3185864225162
2022-12-30,29.2935081724205
2023-01-03,28.6290401372449
2023-01-04,28.8116174860449
2023-01-05,28.7506447077774
2023-01-06,30.4836582240184
2023-01-09,29.425178673101
2023-01-10,28.5075136215229
2023-01-11,28.3911959467445
2023-01-12,30.1619759552556
2023-01-13,29.2956337649394
2023-01-17,28.0626963405316
2023-01-18,28.2494456330901
2023-01-19,28.530714072605
2023-01-20,28.3868845908846
2023-01-23,28.2659805373712
2023-01-24,27.7250078643497
2023-01-25,27.8237279195344
2023-01-26,27.0973559317057
2023-01-27,26.8610040903599
2023-01-30,26.8332581104655
2023-01-31,26.5702114635168
2023-02-01,26.564239275556
2023-02-02,29.4659396993942
2023-02-03,29.6712690334138
2023-02-06,31.0862608847244
2023-02-07,30.4013367214728
2023-02-08,30.8903345325364
2023-02-09,31.2071140447585
2023-02-10,30.6567891682756
2023-02-13,30.1669480012382
2023-02-14,29.5925511210872
2023-02-15,28.0420912243307
2023-02-16,29.6397326963477
2023-02-17,29.0898719515204
2023-02-21,28.2498700315123
2023-02-22,27.8709868458375
2023-02-23,27.1913620725724
2023-02-24,27.7421848614537
2023-02-27,27.3336585330194
2023-02-28,27.3237894456034
2023-03-01,26.6604662337745
2023-03-02,25.7247599142756
2023-03-03,26.0692403141167
2023-03-06,25.0677481748747
2023-03-07,25.7382092226047
2023-03-08,25.3613249798799
2023-03-09,27.4708071784183
2023-03-10,29.3235312127212
2023-03-13,26.9170784941993
2023-03-14,29.4111841742498
2023-03-15,27.387456705811
2023-03-16,27.7465776239189
2023-03-17,27.6989071454471
2023-03-20,26.437008907918
2023-03-21,26.495755817392
2023-03-22,25.4530830488189
2023-03-23,25.1559822655706
2023-03-24,25.613323871395
2023-03-27,25.8467092683248
2023-03-28,25.4255451545309
2023-03-29,25.7709263612331
2023-03-30,25.40544727535
2023-03-31,24.282429620485
2023-04-03,23.5288301475414
2023-04-04,23.0147996618752
2023-04-05,22.165439797495
2023-04-06,22.0383726814975
2023-04-10,21.8975825184303
2023-04-11,22.7806683585991
2023-04-12,22.6073790296035
2023-04-13,21.9998454208004
2023-04-14,22.2192430515473
2023-04-17,22.2057291937591
2023-04-18,22.8129506015046
2023-04-19,21.4567961064568
2023-04-20,21.6464763718722
2023-04-21,20.9671462738036
2023-04-24,20.1324925039169
2023-04-25,19.0174488161076
2023-04-26,19.058288746116
2023-04-27,20.275297600628
2023-04-28,19.5403340120582
2023-05-01,19.4598147936917
2023-05-02,20.4613243066293
2023-05-03,21.0092667418777
2023-05-04,23.1634539639832
2023-05-05,25.8721314050119
2023-05-08,24.3994915210357
2023-05-09,23.8631441540032
2023-05-10,24.0413763399599
2023-05-11,24.1019491075903
2023-05-12,23.1895543985765
2023-05-15,23.1656281913066
2023-05-16,21.1022485780162
2023-05-17,20.895957260346
2023-05-18,21.6379105592116
2023-05-19,21.9856811997855
2023-05-22,21.9501240022162
2023-05-23,20.786740604143
2023-05-24,21.7379779981842
2023-05-25,21.6582646344998
2023-05-26,21.6401502722252
2023-05-30,21.4285329853113
2023-05-31,20.9749147202237
2023-06-01,18.839799882708
2023-06-02,19.5416697431552
2023-06-05,20.10903373707
2023-06-06,19.119588991511
2023-06-07,19.3020395866882
2023-06-08,19.1654371409507
2023-06-09,19.1053719437581
2023-06-12,19.5316941607452
2023-06-13,17.8262563248393
2023-06-14,17.6265171687889
2023-06-15,16.4626815261317
2023-06-16,16.4393824837862
2023-06-20,14.850147970639
2023-06-21,16.5996669266035
2023-06-22,17.000698023746
2023-06-23,16.1703645529324
2023-06-26,15.5897484796533
2023-06-27,15.9328394167578
2023-06-28,15.359246083124
2023-06-29,15.307140496205
2023-06-30,15.6262523384536
2023-07-03,15.5309221535679
2023-07-05,15.4331854319577
2023-07-06,15.0883232029305
2023-07-07,16.1937855251225
2023-07-10,16.3014702398876
2023-07-11,15.8515467360043
2023-07-12,15.8651422732973
2023-07-13,16.3432134999136
2023-07-14,15.9053201060179
2023-07-17,15.8919731630747
2023-07-18,14.4948372338396
2023-07-19,14.3875601476871
2023-07-20,13.2136911887832
2023-07-21,13.5123429547588
2023-07-24,13.7230595191208
2023-07-25,13.8006442442918
2023-07-26,14.2953178403884
2023-07-27,21.664896755439
2023-07-28,22.062462378642
2023-07-31,21.965010788668
2023-08-01,21.6084897734497
2023-08-02,22.0766737046987
2023-08-03,21.0027507710402
2023-08-04,20.1807774825654
2023-08-07,20.2130027787884
2023-08-08,21.1597277376589
2023-08-09,20.9122357131472
2023-08-10,20.7098087439436
2023-08-11,19.7071192045025
2023-08-14,19.6494074571455
2023-08-15,19.7176246415194
2023-08-16,19.5764978890957
2023-08-17,20.6197097052915
2023-08-18,20.1780648868136
2023-08-21,20.2268108820469
2023-08-22,20.0325484241129
2023-08-23,21.1641869665571
2023-08-24,22.0882003612954
2023-08-25,21.1159425875338
2023-08-28,20.7718765406788
2023-08-29,23.1842498726669
2023-08-30,22.5734139981357
2023-08-31,22.0998757168
2023-09-01,21.2119547047237
2023-09-05,21.1014063667811
2023-09-06,20.88097348249
2023-09-07,20.7205543957294
2023-09-08,20.7866356409877
2023-09-11,20.7391042171355
2023-09-12,20.4656420741716
2023-09-13,20.320202633985
2023-09-14,18.8620246500021
2023-09-15,17.7332241849643
2023-09-18,17.2390629207287
2023-09-19,17.0566373662753
2023-09-20,16.5023584600632
2023-09-21,21.0023514438187
2023-09-22,20.3183482799907
2023-09-25,19.9751084440086
2023-09-26,21.0707462779515
2023-09-27,20.9362621881455
2023-09-28,20.0412600684023
2023-09-29,20.5598978601025
2023-10-02,19.7115947020073
2023-10-03,20.1380984354599
2023-10-04,20.8339155435064
2023-10-05,19.5789685772834
2023-10-06,19.1643474275245
2023-10-09,19.0098154985108
2023-10-10,18.5271992546495
2023-10-11,17.4314940943369
2023-10-12,17.469981390831
2023-10-13,13.9024868657295
2023-10-16,14.9795304664101
2023-10-17,13.8523553811197
2023-10-18,12.2251626799012
2023-10-19,10.5914444403954
2023-10-20,10.8829772627329
2023-10-23,11.2776827556975
2023-10-24,10.1630675354151
2023-10-25,10.2845048986073
2023-10-26,10.4977928792299
2023-10-27,10.6005101921269
2023-10-30,11.205938986471
2023-10-31,11.9210223671231
2023-11-01,11.9753106238337
2023-11-02,11.2622156398969
2023-11-03,10.3491577549836
2023-11-06,9.79747980697289
2023-11-07,10.4541236970279
2023-11-08,11.0875414853962
2023-11-09,10.8332504236767
2023-11-10,10.987127311317
2023-11-13,10.040138594515
2023-11-14,12.7342899540113
2023-11-15,13.3231416020725
2023-11-16,15.1920826125896
2023-11-17,13.9613353510688
2023-11-20,14.3089338845357
2023-11-21,13.6943881467601
2023-11-22,15.1872425806466
2023-11-24,14.7037916448954
2023-11-27,14.5666491778965
2023-11-28,14.1842708140594
2023-11-29,14.2086282045784
2023-11-30,14.3052866581714
2023-12-01,13.591738622811
2023-12-04,13.1016999155882
2023-12-05,13.3732727052697
2023-12-06,12.8603736707884
2023-12-07,12.3857857936552
2023-12-08,13.1496656053561
2023-12-11,12.4128509894027
2023-12-12,12.7438323432999
2023-12-13,11.0312343964819
2023-12-14,12.3652535579287
2023-12-15,11.6298586623853
2023-12-18,11.7098823029403
2023-12-19,11.5960677886429
2023-12-20,11.1628693901115
2023-12-21,10.8539530438525
2023-12-22,10.7129726159846
2023-12-26,10.873407750742
2023-12-27,11.779021835465
2023-12-28,12.5283307477557
2023-12-29,12.4533622481833
2024-01-02,12.7082703484407
2024-01-03,14.2258334810166
2024-01-04,14.4743188119649
2024-01-05,14.1862012196932
2024-01-08,14.3115081711851
2024-01-09,14.2373407360504
2024-01-10,13.6372414015956
2024-01-11,13.5892899279857
2024-01-12,11.8419131649475
2024-01-16,13.118361036157
2024-01-17,11.5240256274096
2024-01-18,11.0348272487816
2024-01-19,11.3215998787394
2024-01-22,11.4200934920959
2024-01-23,11.3668798144953
2024-01-24,9.85165355304408
2024-01-25,9.83952058523164
2024-01-26,10.0600172518382
2024-01-29,9.81235305264879
2024-01-30,10.2489253843134
2024-01-31,9.27829214033901
2024-02-01,9.3330838063798
2024-02-02,9.66700042169027
2024-02-05,10.008470084693
2024-02-06,9.91117246895829
2024-02-07,9.78270784522785
2024-02-08,10.0676140194828
2024-02-09,10.5134962116516
2024-02-12,10.3691807819258
2024-02-13,12.5224418492107
2024-02-14,13.6560241448202
2024-02-15,14.4404330782762
2024-02-16,14.3283457425886
2024-02-20,13.6920938447277
2024-02-21,13.2277785306054
2024-02-22,13.7688341192868
2024-02-23,13.7615550169197
2024-02-26,13.7676070350133
2024-02-27,12.4849531272683
2024-02-28,12.5240651775348
2024-02-29,13.393974435112
2024-03-01,14.1018998261315
2024-03-04,13.9945933918306
2024-03-05,13.9866587970975
2024-03-06,14.645337737233
2024-03-07,13.3472980706076
2024-03-08,12.9575176374582
2024-03-11,12.8756987379567
2024-03-12,12.578975135546
2024-03-13,13.4944721520609
2024-03-14,14.0472841766449
2024-03-15,14.0008939101743
2024-03-18,14.0034057948466
2024-03-19,14.7560655663405
2024-03-20,15.5545451811492
2024-03-21,13.2448257141582
2024-03-22,14.4244729826013
2024-03-25,13.4170953261015
2024-03-26,12.8767127268002
2024-03-27,12.8869801942771
2024-03-28,11.9004907126445
2024-04-01,11.6985950745396
2024-04-02,11.9262862198733
2024-04-03,13.3226595741219
2024-04-04,14.8974259649915
2024-04-05,16.0661521141059
2024-04-08,14.775748440952
2024-04-09,15.2921752858672
2024-04-10,14.1579405348355
2024-04-11,13.9263939030053
2024-04-12,16.7018382621596
2024-04-15,19.7904353836872
2024-04-16,19.0046157164502
2024-04-17,16.9792512651826
2024-04-18,15.8657168431963
2024-04-19,15.408228431734
2024-04-22,16.5464967461052
2024-04-23,17.4598574710157
2024-04-24,17.5356087773137
2024-04-25,18.1540728032151
2024-04-26,17.6244637766305
2024-04-29,17.2146713515585
2024-04-30,20.9909553355717
2024-05-01,19.9263896925693
2024-05-02,19.3278420022523
2024-05-03,20.9383579247231
2024-05-06,20.6780350439162
2024-05-07,20.1025767494401
2024-05-08,19.962581350148
2024-05-09,20.3635909924123
2024-05-10,20.6459338096294
2024-05-13,19.4764233781697
2024-05-14,19.4471388143761
2024-05-15,22.9663910640232
2024-05-16,22.7499815629135
2024-05-17,22.8668898342409
2024-05-20,22.8036102477505
2024-05-21,21.0840978601065
2024-05-22,22.2473575358536
2024-05-23,22.2374638609297
2024-05-24,23.2218354691222
2024-05-28,23.1291544059196
2024-05-29,24.8489235840944
2024-05-30,24.2979208924323
2024-05-31,23.0694436110897
2024-06-03,22.3251934292947
2024-06-04,22.1483019288415
2024-06-05,21.8359033562631
2024-06-06,22.0702517219996
2024-06-07,23.5625356975323
2024-06-10,25.5920647606937
2024-06-11,25.6960906115232
2024-06-12,26.8583915758266
2024-06-13,27.7888950920826
2024-06-14,27.7033640752918
2024-06-17,26.9158262267352
2024-06-18,26.857680493132
2024-06-20,26.6136650826029
2024-06-21,26.2610197923005
2024-06-24,26.3630156300262
2024-06-25,25.8200544910623
2024-06-26,25.0066364023092
2024-06-27,25.0077418067284
2024-06-28,24.464793558086
2024-07-01,24.6317008550444
2024-07-02,24.2418754802417
2024-07-03,23.4321996468807
2024-07-05,23.8549297412139
2024-07-08,23.6672382093714
2024-07-09,23.498625410437
2024-07-10,23.5532658072519
2024-07-11,23.0457029092976
2024-07-12,23.6165437285764
2024-07-15,22.8196288728233
2024-07-16,21.231975701548
2024-07-17,18.5166731393918
2024-07-18,21.685617327247
2024-07-19,19.1615421948117
2024-07-22,19.953802956707
2024-07-23,19.4175226823135
2024-07-24,19.5952483424922
2024-07-25,18.4556675352759
2024-07-26,20.179645986208
2024-07-29,19.456410933182
2024-07-30,19.6342972867312
2024-07-31,18.7913557933311
2024-08-01,18.8925230779011
2024-08-02,23.4705725537171
2024-08-05,43.1062031108537
2024-08-06,38.1940905847877
2024-08-07,37.1847452067329
2024-08-08,35.5822212718474
2024-08-09,34.7486433759245
2024-08-12,34.5472758909526
2024-08-13,32.7820945637027
2024-08-14,32.4565250339926
2024-08-15,31.7011539522028
2024-08-16,31.8128004157028
2024-08-19,31.799775557072
2024-08-20,31.9341996493823
2024-08-21,31.567714377654
2024-08-22,31.3975902010807
2024-08-23,32.4798724622228
2024-08-26,32.0446050443302
2024-08-27,30.0836069131341
2024-08-28,30.0118793345459
2024-08-29,30.0358967993539
2024-08-30,30.1936326994247
2024-09-03,31.7010665390698
2024-09-04,31.36960266806
2024-09-05,30.695928746177
2024-09-06,32.08626767353
2024-09-09,32.5460002814761
2024-09-10,32.2898178622548
2024-09-11,31.8596814290353
2024-09-12,32.4429894551037
2024-09-13,33.2810480611194
2024-09-16,33.0993144468581
2024-09-17,32.78391196985
2024-09-18,32.5513477714514
2024-09-19,31.2700687751031
2024-09-20,30.7871084633881
2024-09-23,30.4375907140965
2024-09-24,30.3738841039302
2024-09-25,29.0812748498863
2024-09-26,28.5459513584546
2024-09-27,27.4784429530819
2024-09-30,27.1477166829761
2024-10-01,24.1630942199768
2024-10-02,24.1816680276815
2024-10-03,23.8588160839402
2024-10-04,23.8341659697799
2024-10-07,22.2219334492438
2024-10-08,21.250353836483
2024-10-09,20.9041382957332
2024-10-10,20.7580259965529
2024-10-11,21.146429809397
2024-10-14,21.7776874488491
2024-10-15,21.4328381255882
2024-10-16,21.2945402352063
2024-10-17,21.0655095309886
2024-10-18,21.4725018814788
2024-10-21,21.46522961437
2024-10-22,20.8220246020884
2024-10-23,22.7056501475753
2024-10-24,23.4001330723232
2024-10-25,24.3286429995424
2024-10-28,24.1911812501049
2024-10-29,24.6983693601559
2024-10-30,23.3826048413803
2024-10-31,24.7755744319002
2024-11-01,24.4660788259119
2024-11-04,23.7418487811457
2024-11-05,24.2142146921456
2024-11-06,27.8722540308654
2024-11-07,28.071965587083
2024-11-08,29.6113991295413
2024-11-11,28.9313241567793
2024-11-12,29.4196533630114
2024-11-13,29.7531453083058
2024-11-14,28.0517727514901
2024-11-15,26.328901179094
2024-11-18,26.1120918395016
2024-11-19,26.0357727544494
2024-11-20,24.8718291298378
2024-11-21,24.5153734473943
2024-11-22,23.3405176747791
2024-11-25,21.192615964492
2024-11-26,20.1456979265839
2024-11-27,19.8569441246568
2024-11-29,19.7855324301259
2024-12-02,20.4413568461901
2024-12-03,19.6232513715483
2024-12-04,20.0277901955776
2024-12-05,18.1148635994242
2024-12-06,17.3276323497056
2024-12-09,16.9923848310662
2024-12-10,15.9143919376316
2024-12-11,16.5480926544779
2024-12-12,14.9185113093209
2024-12-13,14.5750687812415
2024-12-16,13.9128625347685
2024-12-17,12.6095960200099
2024-12-18,22.7817674076666
2024-12-19,25.282761952993
2024-12-20,27.3870642052929
2024-12-23,27.2076148840583
2024-12-24,26.8943938610382
2024-12-26,26.3267178642071
2024-12-27,25.4429793766925
2024-12-30,25.2533703042851
2024-12-31,24.3462792841945
2025-01-02,23.7913097603816
2025-01-03,23.6427341345776
2025-01-06,23.7917676746068
2025-01-07,23.6323389174445
2025-01-08,23.4328010550243
2025-01-09,22.2373523173936
2025-01-10,21.2449520151436
2025-01-13,20.7555697416702
2025-01-14,20.5456051300955
2025-01-15,21.7207458580516
2025-01-16,21.1993138059894
2025-01-17,20.9962688097319
2025-01-21,21.0798666301932
2025-01-22,20.8601996263803
2025-01-23,20.8720395061175
2025-01-24,21.3595100336226
2025-01-27,20.377628898669
2025-01-28,19.1007160457276
2025-01-29,18.9253365153301
2025-01-30,18.3759939247936
2025-01-31,18.3930672961134
2025-02-03,18.9451543339375
2025-02-04,18.964722822496
2025-02-05,18.9142268603168
2025-02-06,18.5593808520245
2025-02-07,18.7244763249745
2025-02-10,18.463670372525
2025-02-11,17.6244046097013
2025-02-12,17.0289631228901
2025-02-13,17.3480746806275
2025-02-14,16.2819035499146
2025-02-18,15.174656158296
2025-02-19,15.0397921153374
2025-02-20,14.9266177602096
2025-02-21,16.9863541464996
2025-02-24,17.6242773399021
2025-02-25,19.4305762205082
2025-02-26,18.7758249600139
2025-02-27,19.8632687632782
2025-02-28,19.9793661897004
2025-03-03,20.2617895615322
2025-03-04,20.7390584211425
2025-03-05,21.2452782122918
2025-03-06,17.7222793605224
2025-03-07,16.9697447104118
2025-03-10,18.5865549554627
2025-03-11,18.3582778883278
2025-03-12,17.4691388273651
2025-03-13,15.736472336591
2025-03-14,15.9442442495821
2025-03-17,15.8057914374606
2025-03-18,15.8851359737789
2025-03-19,15.8775524117398
2025-03-20,15.8168193464433
2025-03-21,15.6726438469372
2025-03-24,15.9150037635401
2025-03-25,15.3569784962886
2025-03-26,16.2346343741233
2025-03-27,16.7462747695784
2025-03-28,17.5489055486874
2025-03-31,17.2687536909405
2025-04-01,16.9572802965984
2025-04-02,16.4541031153024
2025-04-03,21.5773824861132
2025-04-04,25.7154447369293
2025-04-07,27.4968342674371
2025-04-08,22.8576917585064
2025-04-09,32.8012042255163
2025-04-10,33.0947455158244
2025-04-11,33.211147871633
2025-04-14,33.87314091039
2025-04-15,33.4831034384127
2025-04-16,32.2332849916418
2025-04-17,31.2712587007814
2025-04-21,30.5750480206769
2025-04-22,30.1363189842122
2025-04-23,29.9898237471423
2025-04-24,30.3354842963142
2025-04-25,28.5541534531082
2025-04-28,28.5356470540899
2025-04-29,28.2264328704277
2025-04-30,27.9998703717589
2025-05-01,28.1566711090059
2025-05-02,28.1196098011973
2025-05-05,27.87582532123
2025-05-06,26.9017878518465
2025-05-07,26.9340776212391
2025-05-08,27.7256772147991
2025-05-09,27.8440775515146
2025-05-12,27.9779370279693
2025-05-13,27.7973509020253
2025-05-14,27.5430833740651
2025-05-15,27.3313101710647
2025-05-16,26.6530258364558
2025-05-19,26.5156329194942
2025-05-20,25.9255883839428
2025-05-21,25.1123223577195
2025-05-22,25.4741209569622
2025-05-23,27.6993850432585
2025-05-27,27.1013446738232
2025-05-28,26.7449449813667
2025-05-29,26.5437488649516
2025-05-30,25.0938219487113
2025-06-02,24.6799340681985
2025-06-03,24.1603194458639
2025-06-04,24.1167044004017
2025-06-05,23.5786805725354
2025-06-06,24.6032822017694
2025-06-09,24.6739502255383
2025-06-10,24.1152284455268
2025-06-11,23.6705149491034
2025-06-12,24.8545467489297
2025-06-13,24.2998779486455
2025-06-16,24.1218312539279
2025-06-17,23.4792738159633
2025-06-18,22.7722288973603
2025-06-20,22.7597906644495
2025-06-23,22.6977940367517
2025-06-24,20.0609286798027
2025-06-25,20.3221698617148
2025-06-26,20.2437683883018
2025-06-27,20.6565057071204
2025-06-30,20.6570438881373
2025-07-01,20.8836962509873
2025-07-02,20.7147782449601
2025-07-03,20.1193349214617
2025-07-04,19.6305371085678
2025-07-07,18.9712175666241
2025-07-08,18.7476415761143
2025-07-09,17.936326950672
2025-07-10,16.8654990664575
2025-07-11,15.9425266932426
2025-07-14,15.4860074787842
2025-07-15,15.1668626484095
2025-07-16,14.8250592581255
2025-07-17,15.2169308128692
2025-07-18,14.9409544823065
2025-07-21,14.7844017082282
2025-07-22,14.4269804794199
2025-07-23,13.5279787196161
2025-07-24,13.5284366026009
2025-07-25,13.5498491606748
2025-07-28,13.649318500555
2025-07-29,13.2964978856545
2025-07-30,13.5985151788626
2025-07-31,13.058092713741
2025-08-01,18.2915001298372
2025-08-04,16.3188507361875
2025-08-05,16.2744613058383
2025-08-06,15.7491238020551
2025-08-07,16.8015439830859
2025-08-08,17.0313258120013
2025-08-11,16.7098270397349
2025-08-12,17.0922317983824
2025-08-13,17.5227503625346
2025-08-14,17.5482264776666
2025-08-15,17.2504339828352
2025-08-18,17.3327666547386
2025-08-19,18.3634527920118
2025-08-20,18.5074069460957
2025-08-21,19.5531973629028
2025-08-22,27.2875785804089
2025-08-25,26.1567811992808
2025-08-26,25.8532470547611
2025-08-27,25.3973130119297
2025-08-28,24.2050834007008
2025-08-29,24.5364266449567
2025-09-02,23.7710950625634
2025-09-03,23.1926124104175
2025-09-04,22.8617174278061
2025-09-05,22.4956074053014
2025-09-08,22.5300032529905
2025-09-09,22.1239260297641
2025-09-10,21.9653349383262
2025-09-11,22.3210712615663
2025-09-12,22.1751435636596
2025-09-15,21.5341622262816
2025-09-16,20.2352824781184
2025-09-17,20.161733022297
2025-09-18,23.3755885322263
2025-09-19,24.0814968433646
2025-09-22,24.1834118974145
2025-09-23,22.06839709853
2025-09-24,23.0275052789499
2025-09-25,23.3770322939444
2025-09-26,22.5661706441827
2025-09-29,22.4724864613869
2025-09-30,20.8400486688658
2025-10-01,21.5524407653886
2025-10-02,21.8115118060823
2025-10-03,21.1886461935943
2025-10-06,21.0651108091849
2025-10-07,20.3591056692699
2025-10-08,18.5736185294646
2025-10-09,19.617558825779
2025-10-10,26.9718465239888
2025-10-13,25.5084293726391
2025-10-14,26.3873754558141
2025-10-15,26.7629011389228
2025-10-16,35.5471621191341
2025-10-17,32.5280622163069
2025-10-20,33.1541005441478
2025-10-21,30.4310343190973
2025-10-22,29.4854422992453
2025-10-23,27.6113479150979
2025-10-24,27.0846085678956
2025-10-27,26.8373523586772
2025-10-28,26.5646823845049
2025-10-29,25.8003890320531
2025-10-30,26.0383708606965
2025-10-31,25.039363441124
2025-11-03,24.6724122325865
2025-11-04,27.078657828592
2025-11-05,27.3830889506544
2025-11-06,27.5648594616247
2025-11-07,26.9342591359659
2025-11-10,26.5010644674354
2025-11-11,26.0392651939195
2025-11-12,25.1881853825991
2025-11-13,24.3307194784063
2025-11-14,24.3308618456769
2025-11-17,23.961412886008
2025-11-18,23.5119678367674
2025-11-19,21.8383171857298
2025-11-20,24.9803211584969
2025-11-21,22.1938051416503
2025-11-24,22.7788115866741
2025-11-25,20.9983423138611
2025-11-26,20.4355123275813
2025-11-28,20.1535992598193
2025-12-01,20.1420819435526
2025-12-02,18.4021249409046
2025-12-03,19.2794664805475
2025-12-04,19.0851693656198
2025-12-05,17.877725283765
2025-12-08,17.5117877371817
2025-12-09,17.1494788574692
2025-12-10,16.6103071943267
2025-12-11,21.7196442640104
2025-12-12,21.6539705530279
2025-12-15,21.8483889555754
2025-12-16,21.6797232760299
2025-12-17,21.1756935830359
2025-12-18,20.739999741469
2025-12-19,20.9507321182461
2025-12-22,20.6547702358277
2025-12-23,20.5921372074609
2025-12-24,20.6236086472532
2025-12-26,20.6221122201136
2025-12-29,19.9287988797165
2025-12-30,19.4024134686583
2025-12-31,19.5880213602546
