episode,hari,TCI_mean,TCI_max,NET_BTC,NET_GOLD,NET_SENTC,NET_SENTG,SENTC_transmit_%,SENTG_transmit_%,NPDC_BTC_SENTC,NPDC_GOLD_SENTG,NPDC_BTC_VIX,NPDC_GOLD_VIX
Full sample,2263,20.09513570239539,47.3873049436812,3.6435336013188087,0.7886077327280638,-5.0921312261202445,-5.1286423979713875,15.554573574900573,16.084843128590368,-2.756621089236893,-0.5426718989203554,0.1923495144829882,0.3930644095021583
Mania kripto 2017,61,15.905696434465002,21.7069286039094,1.9322429647707566,0.6065570836393596,-2.0980465672191606,-0.9377520048753442,0.0,19.672131147540984,-0.9470402103354585,-0.06084622589356653,0.7279418747531559,-0.7274862948610873
COVID crash,50,30.29624063145656,46.9684422971332,16.798943406661973,-5.537992377481476,-12.449118292945322,-30.376373496005716,12.0,0.0,-7.556161537422541,-1.7380267031715368,0.9403606288896137,5.156102842443927
Mania ritel 2021,102,21.21207155646467,29.9568068042983,6.900118335902029,-1.7683773586004006,-1.3622473485060211,-3.060729736253854,40.19607843137255,3.9215686274509802,-4.2931098505469985,-0.3482540404290592,1.1453767390158667,0.37864781729517877
ATH Nov 2021,64,16.693600063967207,22.776305705455,1.247134515405182,2.6417115307742294,5.447420780267537,-5.0372262776808565,85.9375,7.8125,-1.58450654557548,-1.5453117277778001,1.4633000714227797,0.155243650583603
Pengetatan Fed,212,28.239911594226868,47.3873049436812,6.746810271421573,-1.1482360872869308,-7.4297371146722,-2.8457030205713436,10.377358490566039,15.09433962264151,-5.854446615842073,-0.7133245122840508,-0.8898025508598026,1.1571567510123808
LUNA kolaps,21,36.383519280377264,47.3873049436812,16.473465890272415,-9.69801607557471,-6.615929635343905,-6.7972744689782285,14.285714285714285,4.761904761904762,-7.392550769805103,1.1137313723361273,-2.346298345538115,2.0306289466649226
FTX kolaps,21,31.94567101512942,35.5430581075601,2.542403503921393,-1.0809705490357946,-11.561607280973366,-2.706747520173672,0.0,0.0,-8.111122185105911,-1.4464784061167764,-0.6155001738645915,2.4263579492718628
ETF spot BTC,41,12.031934099252359,14.4743188119649,-0.809067415595889,0.7864054848212552,-2.0768961093096387,3.360677487664592,21.951219512195124,68.29268292682927,-0.21679782715326473,0.2789802721107907,0.12305598877214044,-0.17172869700066276
2025,252,21.893540322656758,35.5471621191341,5.4310264284163186,-1.2484877305433504,-10.457439281069533,-12.279401523478846,6.746031746031746,0.0,-3.962725643693192,0.05237789805040583,0.15903198581373923,0.7844129850373278
