Topic,Count,Name,Representation,Representative_Docs,top_words
-1,147453,-1_the_to_and_you,"['the', 'to', 'and', 'you', 'it', 'of', 'in', 'is', 'gold', 'for']","[""I'm with you on that"", 'Don’t worry - it is just to say when you are invested in something you must fight for it. This is a tough time for Gold because all conditions point to it going up. They know that too. Hence the attempt to attack the only store of value truly distributed with people. \n\nI believe India and China will not let this slide . Too many people own Gold . \n\nLet’s not kid ourselves that Bitcoin has any future. You can’t be assured of passing it to your great grandson. That’s no store of value. \n\nSo we are good. Gold has a floor in physical demand. However, we also need to be vocal and educate the new ge', 'A friend of mine bought some gold in 2011 and paid spot plus premium.  A couple of years later he regretted ever buying it and told me he was going to sell but the same vendor was offering much lower value since the POG had plunged.  I told him I would buy a couple of ounces from him and paid him his original cost price even though it was a few hundred dollars per ounce more than I could have bought it for at that time.  I have no regrets now and I still expect gold to more than double in price again in the months ahead.\n\nI also bought some silver pandas in Hong Kong around the same time and t']",
0,37266,0_gold_the_in_is,"['gold', 'the', 'in', 'is', 'to', 'of', 'and', 'you', 'it', 'that']","[""As a hobby to collect coins, sure (we all like shiny things in one form or another). As a doomsday prepper thing, maybe (though some might argue that bullets, high percentage alcohol and skills are better).\xa0\n\n\nAs an investment, no (from $5 to $22 in almost 50 years, that's an annualised return of about 3%). As a hedge against inflation, just barely and that's only if you can buy it at face value, without the premium. Maybe you can get it for what it's worth, but where I live the spread between buying and selling prices can be as much as 40% (whereas for gold it's like 3-4%). I'd need to hold i"", 'This gold is your gold,\n\nthis gold is my gold,\n\nthis gold was made for you and me!', 'Bonds get kind of scary in that type of situation. You want to own properties, gold, bitcoin, equities, you just want to own assets because if they try to inflate away the debt, it means growth is going to run hot. Dollar will lose purchasing power, everything gets more expensive. This is why you want to own assets \n\nFor example if an item is $1 today and we just make believe that it will be $2 in 7 years just on an inflationary basis the s&p 500 should double but it will likely do better than that. If you hold your cash, you just took a 50% loss']",gold the in is to of and you it that
1,11151,1_thanks_thank_you_this,"['thanks', 'thank', 'you', 'this', 'thats', 'comment', 'lol', 'your', 'that', 'what']","['Thank you so very much.', 'Good to know, thanks!', 'That’s good to know. Thank you']",thanks thank you this thats comment lol your that what
2,7552,2_coin_coins_mint_the,"['coin', 'coins', 'mint', 'the', 'they', 'to', 'it', 'for', 'and', 'are']","['How much is one coin?', 'Do not buy this coin...', 'This is not a gold coin']",coin coins mint the they to it for and are
3,7209,3_bars_bar_pamp_coins,"['bars', 'bar', 'pamp', 'coins', 'the', 'are', 'to', 'gram', 'for', 'oz']","['That’s a good idea.. 10g bars are good to start out with. You can easily sell if needed. 20g bars are good to, investment weight and pretty liquid. 1oz, 50g, 100g etc are weights for set and forget for years. The good thing about 1,2,2.5 and 5g bars is that they are cheap enough to buy on the regular and although a higher premium you will always be able to get basically what you paid for them any day of the week if you sell privately. Never sell to a bullion dealer, they will pay spot of proof coins and premium minted bars. \nSo basically at the end of he day the cheapest way to buy gold is to ', 'There are actually 1 oz gold bars.  In fact, they go even lower than that.  Sure, they are not the huge bars that you typically imagine, but they are sold as bars.', 'That’s awesome 😎 once you hold bigger bars like 1oz or 50 grams you just want to save up for another big gold bar hehe, awesome collection already ( a little jealous 😬) focus more on gold if you like to see more money and investment grows \nFor example on 2012 i got 2 1oz gold bars and one 100 gram silver bar, now my gold’s worth double but my silver bar still same value ( it’s a year of the dragon so if I sell it privately yes I get more but silver is always around $1 per gram']",bars bar pamp coins the are to gram for oz
4,6940,4_bitcoin_crypto_btc_is,"['bitcoin', 'crypto', 'btc', 'is', 'value', 'of', 'and', 'it', 'gold', 'the']","['Gold and Bitcoin are only similar in one regard. They are thought to hedge against inflation. That’s about it. Gold at the moment is more of a preservation of wealth. Even if Bitcoin manages to become the new standard, gold will always have a place in society. You hope to preserve your purchasing power when buying gold as opposed to Bitcoin, which is more of a speculation. BTC at 42k makes about as much sense as BTC at .01. It has no intrinsic value. It’s only value is that it can be exchanged for other things. The question is, will enough people be convinced that it can be used as a store of ', 'bitcoin is gold for young people. It\'s new and cool, and just like gold it doesn\'t work as an ""alternative"" to USD. It\'s not liquid and swings wildly in value. Why buy something today for 1 bitcoin when that thing will be worth .5 bitcoin tomorrow? Or maybe it will be worth 20 bitcoin, but definitely less then one bitcoin in the future (probably?).', 'Bitcoin is bitcoin guy , no company is bitcoin but bitcoin']",bitcoin crypto btc is value of and it gold the
5,3826,5_much_worth_deal_how,"['much', 'worth', 'deal', 'how', 'price', 'for', 'it', 'at', 'was', 'you']","['How much did you get it for?', 'How much would this be worth?', 'How much is it worth?']",much worth deal how price for it at was you
6,3535,6_silver_ratio_gold_is,"['silver', 'ratio', 'gold', 'is', 'of', 'more', 'to', 'and', 'the', 'in']","['Silver is going 1-1 with gold', ""That's what silver is for"", ""It's gold, not silver""]",silver ratio gold is of more to and the in
7,3426,7_chain_chains_pendant_cuban,"['chain', 'chains', 'pendant', 'cuban', 'bracelet', 'rope', '14k', 'for', '18k', '24k']","['The chain looks nice', 'That’s a pretty good deal for the chain I say go for it \nI have a lot of gold jewelry around 338 grams of gold in jewelry (Miami Cuban ring,chain and bracelet) I say buy it if you want the chain', 'Is the gold chains they make good? Got a rope chain from them']",chain chains pendant cuban bracelet rope 14k for 18k 24k
8,2862,8_sovereigns_sovereign_britannia_queen,"['sovereigns', 'sovereign', 'britannia', 'queen', 'britannias', 'british', 'the', 'coins', 'charles', 'are']","['Sovereigns all the way', 'Sovereigns are the best!', 'sovereigns are the best.']",sovereigns sovereign britannia queen britannias british the coins charles are
9,2851,9_oz_ounce_ounces_fractionals,"['oz', 'ounce', 'ounces', 'fractionals', 'fractional', '1oz', 'an', '14', 'per', 'buy']","['10 of the 100 gets you an ounce. \n20 of the 50 is an ounce \n40 of the 25 is an ounce \n100 of the 10 is an ounce \n200 of the 5 is an ounce \n500 of the 2 is an ounce \n1000 of the 1 is an ounce \n2000 of the 1/2 is an ounce', ""I think it's about 6-7%/Oz."", 'Because this is 1/2 oz.']",oz ounce ounces fractionals fractional 1oz an 14 per buy
10,2273,10_fake_real_tested_fakes,"['fake', 'real', 'tested', 'fakes', 'it', 'test', 'its', 'looks', 'if', 'you']","[""This. It's fake for sure."", 'It looks fake but get it tested.', 'Yes it looks fake.  Is it fake?... I have no idea.']",fake real tested fakes it test its looks if you
11,2245,11_stack_stacking_keep_nice,"['stack', 'stacking', 'keep', 'nice', 'stacks', 'my', 'your', 'humble', 'stacker', 'to']","['Now is your time to stack', 'What a good stack 👍🏻👏🏼', 'Nice stack. Keep stacking']",stack stacking keep nice stacks my your humble stacker to
12,2100,12_eagle_eagles_american_double,"['eagle', 'eagles', 'american', 'double', 'the', 'oz', 'buffalo', 'gold', 'spot', 'for']","['Silver buffalo, gold eagle', 'It the same price of 4 American gold eagles', 'The eagle is the back']",eagle eagles american double the oz buffalo gold spot for
13,2049,13_gloves_addiction_chicken_it,"['gloves', 'addiction', 'chicken', 'it', 'hands', 'you', 'your', 'eat', 'hand', 'bite']","['Thought this said addiction at first lol', ""You know what you have to do, can't smoke, smell or eat those nasty things anymore and start to collect. We all support you here, just do it !"", 'About the best addiction you could have right now']",gloves addiction chicken it hands you your eat hand bite
14,2036,14_jewelry_jeweler_24k_for,"['jewelry', 'jeweler', '24k', 'for', 'you', 'to', 'jewelers', 'spot', 'it', 'and']","['I don’t necessarily know if everyone would agree, but at least for me, when you buy lower karat jewelry, you will always pay a premium because it’s jewelry, and when you go to resell you will more often than not will lose money rather than making money on it. That is unless you’re getting jewelry at minimal cost, I am able to find jewelry cheaper than any jewelry store here in NY, but even then, when I resell lower karat jewelry I make very little profit or just my money back. With investment jewelry, I had a a bunch of gold that I had bought when gold was in the $1900/oz, so I provided the go', 'Once they go into jewelry, they ARE jewelry.', 'Not if they are jewelry.']",jewelry jeweler 24k for you to jewelers spot it and
15,1866,15_safe_safes_in_stash,"['safe', 'safes', 'in', 'stash', 'your', 'it', 'home', 'you', 'hidden', 'the']","['Get one safe and hide it in a place where no one would bother looking. Buy a decoy safe as well and leave it an obvious place.. fill this safe with a few fake gold bars. Get one of those book safes like the other user mentioned.', ""Get a safety deposit box. You can access it whenever you like and you don't have to keep the entirety of your collection in it at once. You can keep things at home to admire.\n\nTell your friends you sold most of it to buy/do whatever.\n\nIf you do ever install a home safe do not tell people you are putting a safe in or why you have a safe. You don't have a safe. Why would you need a safe?\n\nAlso: If a safe isn't bolted to your foundation/framing, or perfectly hidden, or too big to carry...it will be taken if found during a burglary most of the time. It can be opened later, easily."", '“Kids” as in safe 1 and safe 2']",safe safes in stash your it home you hidden the
16,1858,16_costco_card_credit_membership,"['costco', 'card', 'credit', 'membership', 'back', 'cash', 'executive', 'cc', 'cards', 'get']","['Even better if you use the costco credit card (4% cash back)', ""Costco. 2% back from membership and credit card for a total of 4%. But that's just me. I love Costco anyway."", 'Costco with a membership and 3% back credit card.']",costco card credit membership back cash executive cc cards get
17,1838,17_buy_sell_buying_high,"['buy', 'sell', 'buying', 'high', 'selling', 'price', 'you', 'time', 'it', 'to']","[""The more it goes up the more I'm not buying. Sell sell time."", 'That’s for when you sell, not when you buy.', '***BUY HIGH THEN SELL \\_\\_\\_\\_\\_\\_\\_\\_?***']",buy sell buying high selling price you time it to
18,1706,18_maple_maples_leaf_canadian,"['maple', 'maples', 'leaf', 'canadian', 'leafs', 'the', 'are', 'my', 'eagles', 'and']","['I believe most would value the gold eagle over the maple leaf.  I say this as a person who mainly buys gold maple leafs and I see them as a better deal.  They are in the sweet spot between eagles, buffalos, and maple leafs.', 'A Canadian Maple Coin', 'What year is that maple']",maple maples leaf canadian leafs the are my eagles and
19,1667,19_premium_premiums_high_spot,"['premium', 'premiums', 'high', 'spot', 'you', 'the', 'pay', 'but', 'are', 'they']","['What was the premium on that?', 'For that premium? No', 'What is the premium?']",premium premiums high spot you the pay but are they
20,1584,20_x200b_this_here_got,"['x200b', 'this', 'here', 'got', 'pic', 'one', 'me', 'heres', 'picture', 'mine']","['&#x200B;\n\nhttps://preview.redd.it/wdli73y31wsc1.jpeg?width=1169&format=pjpg&auto=webp&s=ac3267504de4427dad89231c81d9176ffdd0df83', '&#x200B;\n\nhttps://preview.redd.it/dxnhygsrtvkb1.jpeg?width=824&format=pjpg&auto=webp&s=58772642a52e75559acd5e8c1d68a2c44368574b', ""Hi, I am from Singapore. Late last year, I happen to came across a Singapore newspaper article while I was opening it up as a base for my dog's poo ; as a landing spot. hehe :) What an irony?\n\nI think it is dated late last year Dec recently. Not too outdated.\n\nI saved it in PDF file but somehow can't locate any Reddit icon for me to attach the attachment. Hope the link below is still valid over time.\n\n[https://static.straitstimes.com.sg/s3fs-public/attachments/2020/12/30/ST\\_20201230\\_GOLD30A\\_6225047.pdf](https://static.straitstimes.com.sg/s3fs-public/attachments/2020/12/30/ST_20201230_GOLD30""]",x200b this here got pic one me heres picture mine
21,1521,21_sigma_test_xrf_ping,"['sigma', 'test', 'xrf', 'ping', 'machine', 'coin', 'pro', 'the', 'it', 'tester']","['I test everything with my Sigma and highly encourage everyone to test your metals. Putting a gold bar that is in a plastic sleeve on top of the Sigma is not idea, you have to use the testing wands and then you will get an accurate result. Any LCS or pawn shop should have a Sigma or XRF and I’m sure would be glad to test your metal for free. Best of luck 🤞🏻', 'No one had an XRF or Sigma?', 'A have a Sigma and I test EVERYTHING 🥇']",sigma test xrf ping machine coin pro the it tester
22,1471,22_gifgiphywb6xgcspll0m4_gifgiphywi8ez1mwrckgi_gifgiphy3ofycvxsqn6rba0r5u_gifgiphy4sqmqhwzua0fi,"['gifgiphywb6xgcspll0m4', 'gifgiphywi8ez1mwrckgi', 'gifgiphy3ofycvxsqn6rba0r5u', 'gifgiphy4sqmqhwzua0fi', 'gifgiphy3o84sw9cmwypanrrni', 'gifgiphy26flggtpudh6ugabm', 'gifgiphypco5tkdp22rc8', 'gifgiphyld77zd3ff3run8olit', 'gifgiphy3o85xhi4t2usuiy9qa', 'gifgiphyt2ska4jknw9dawxayi']","['&#x200B;\n\n![gif](giphy|S5Xj0P2670vGbjeu5i)', '&#x200B;\n\n![gif](giphy|zqBOckP2FnXMDe7a7m)', '![gif](giphy|XTLuLGAfJ78ty)\n\nRon approves wholeheartedly']",gifgiphywb6xgcspll0m4 gifgiphywi8ez1mwrckgi gifgiphy3ofycvxsqn6rba0r5u gifgiphy4sqmqhwzua0fi gifgiphy3o84sw9cmwypanrrni gifgiphy26flggtpudh6ugabm gifgiphypco5tkdp22rc8 gifgiphyld77zd3ff3run8olit gifgiphy3o85xhi4t2usuiy9qa gifgiphyt2ska4jknw9dawxayi
23,1423,23_guns_gun_ammo_firearms,"['guns', 'gun', 'ammo', 'firearms', 'and', 'bullets', 'you', 'in', 'the', 'boating']","['Orrr keep quiet about the gun part too.   \nGuns? What guns?', 'You can use gold to get more gun or gun to get more gold', 'Why have gold and guns when you can just have gold guns?']",guns gun ammo firearms and bullets you in the boating
24,1376,24_grams_gram_per_weight,"['grams', 'gram', 'per', 'weight', 'is', 'it', '5g', '1g', 'for', 'how']","['How many grams is it?', '4-5 grams or oz?!?!!', '1.5500000000000000000000000000 grams']",grams gram per weight is it 5g 1g for how
25,1348,25_apmex_from_jm_bullion,"['apmex', 'from', 'jm', 'bullion', 'they', 'on', 'them', 'and', 'for', 'prices']","['and he bought it on apmex', 'No, I got this one from APMEX.', 'It’s APMEX, your good']",apmex from jm bullion they on them and for prices
26,1262,26_picture_photo_pic_pics,"['picture', 'photo', 'pic', 'pics', 'camera', 'pictures', 'post', 'photos', 'lighting', 'color']","['Post your own picture 👌🏽', 'Can you post a picture of the other side? That might help', ""What's up with the color in this picture lol""]",picture photo pic pics camera pictures post photos lighting color
27,1248,27_live_country_in_state,"['live', 'country', 'in', 'state', 'government', 'freedom', 'where', 'canada', 'america', 'states']","['Not all of us live in the States :)', 'Depends on where do you live(country)', 'Where do you live ( which country)?']",live country in state government freedom where canada america states
28,1220,28_24k_14k_18k_22k,"['24k', '14k', '18k', '22k', '10k', 'karat', 'looks', 'it', 'its', 'is']","['I would think 18k or 14k.', 'one is 24k the other is 22k, I’d rather have the 24k', 'From bottom to top. \n14k 18k 24k']",24k 14k 18k 22k 10k karat looks it its is
29,1209,29_buffalo_buffalos_buffaloes_my,"['buffalo', 'buffalos', 'buffaloes', 'my', 'the', 'love', 'herd', 'favorite', 'for', 'proof']","['The buffalo is the best!', 'I would love to have a buffalo.', 'Is it buffalos, or still buffalo? ""Buffalo buffalo Buffalo buffalo buffalo buffalo Buffalo buffalo""']",buffalo buffalos buffaloes my the love herd favorite for proof
30,1204,30_lcs_spot_my_online,"['lcs', 'spot', 'my', 'online', 'to', 'they', 'for', 'at', 'sell', 'lcss']","['Take them to your LCS.', 'Take them to your lcs', 'I can get them from my LCS for 1.8% 👀']",lcs spot my online to they for at sell lcss
31,1196,31_usps_package_fedex_ups,"['usps', 'package', 'fedex', 'ups', 'signature', 'delivered', 'mail', 'delivery', 'order', 'packages']","[""You have several delivery options. You can upgrade to more hefty insurance and signature confirmation. I use standard shipping, which holds insurance. And someone must be present to receive the package. If you are not home it will go to local post office where you can pick up,or they will try deliver again next day. They attempt to deliver 3 times before they send it back. \n\nI have tracking and updates the whole shipping journey. \n\nAlso the package is very discreet with no signs it's from a billion dealer. \n\nI've had significant amounts delivered over last few years. Never had a bad experience"", 'Many times a package will be “marked” delivered in the USPS system when it gets to the final post.  And then gets actually delivered to you the next day or so.  EBay’s usps shipment tracking is ridiculous for this.', ""&gt; are you saying that you had an insured &amp; signature required package just dropped off, go missing and it wasn't covered by USPS or the company??\n\nThis happened to a friend, and he was fighting USPS on it.\n\nAnd I've had, many, many signature required packages that are just left in the mailbox, or on the front porch.""]",usps package fedex ups signature delivered mail delivery order packages
32,1133,32_goldbacks_goldback_them_are,"['goldbacks', 'goldback', 'them', 'are', 'they', 'value', 'of', 'the', 'gold', 'premium']","['real gold or goldbacks?', 'You dont like goldbacks?', 'r/goldbacks r/goldbackmarketplace']",goldbacks goldback them are they value of the gold premium
33,1030,33_graded_grading_grade_ngc,"['graded', 'grading', 'grade', 'ngc', 'ms70', 'coin', 'pcgs', 'it', 'coins', '70']","['These are restrikes so it’s not really worth getting graded. It will cost to much to be worth it. Plus nobody is going to pay much more for one graded, even an MS grade.', ""In my experience, graded modern coins aren't really worth more than non-graded ones, especially when it comes time to sell. It's just metal in a cage.\n\nCoins directly from the mint have almost certainly been touched, and not every coin that's minted is perfect out of the box. It's entirely possible to have a coin that's days old grade at lower than an ms70. This can be because the coin has some small form of damage or imperfection, or because grading is subjective, and there are too many other ms70's out there, so some stuff needs to be ms69, ms68, etc to balance the counts.\n\nGrading only real"", ""One thought I have is that buying graded gold may be worth it if you can buy it for less than the coin + grading would have cost you.\n\nStuff in graded slabs can go for higher premiums as people are more sure about it, and also more sure the coin/bar has been protected well from damage.\n\nI have some collectable gold I am thinking of grading, as it seems to help sales prices well above the grading cost, and of course protect it... \n\nThat said I've not done so as I'm nervous about sending gold in a package.""]",graded grading grade ngc ms70 coin pcgs it coins 70
34,1024,34_platinum_palladium_pt_silver,"['platinum', 'palladium', 'pt', 'silver', 'is', 'rhodium', 'catalytic', 'converters', 'and', 'gold']","['1 silver 2 platinum 3 gold\nIn a year\n1 silver 2 gold 3 platinum\nIn 5 years\n1 gold 2 silver 3 platinum', 'It’s platinum not silver', 'Gold. Silver. And platinum']",platinum palladium pt silver is rhodium catalytic converters and gold
35,1024,35_premium_premiums_fractional_gold,"['premium', 'premiums', 'fractional', 'gold', 'buy', 'you', 'spot', 'oz', 'the', 'for']","['When you look at the premium per ounce, yes. When you look at the premium per dollar, no. You have to view it through the ratio. How many dollars in premiums would you pay buying 70 oz of silver? How many dollars would you pay in premiums for 1 oz of gold? 70 oz of silver will cost about $300 in premiums. You can get an ounce of gold for $70 in premiums. Considering the value of the metas is about the same, the gold premiums are WAY lower.', ""The smaller size you buy at a time the higher premiums you pay. If you can afford to buy whole ounces at a time then by all means, do that. However, something people don't consider is that even though you pay higher premiums for fractional gold, you can also charge higher premiums when selling it back. \n\nPersonally, I save up for one ounce coins. If it would take you a significant amount of time to do so and would rather more frequently stack fractional gold then that's okay too."", 'Silver premiums are higher than gold premium’s']",premium premiums fractional gold buy you spot oz the for
36,1014,36_plastic_it_scratch_cleaned,"['plastic', 'it', 'scratch', 'cleaned', 'open', 'torch', 'scratches', 'hammer', 'cut', 'clean']","['I just had to take it out of the plastic and touch it.', 'Plastic it looks like', 'Some in plastic/some out of plastic']",plastic it scratch cleaned open torch scratches hammer cut clean
37,1001,37_francs_20_franc_rooster,"['francs', '20', 'franc', 'rooster', 'roosters', 'restrikes', 'restrike', 'ducat', 'french', 'coins']","['20 francs or sovereigns', '20 francs? What year?', '20 Francs and Sovereigns.']",francs 20 franc rooster roosters restrikes restrike ducat french coins
38,1000,38_14k_24k_gold_grams,"['14k', '24k', 'gold', 'grams', '18k', 'pure', 'karat', 'gram', 'is', 'weight']","['That’s the percentage of the gold content in your ring. 24k 99% gold, 18k is 75% gold and 14k is 58.5% gold.\n\nIn Europe, 24k is marked as 999, 18k is marked as 750 and 14k is marked as 585. All are basically the same thing.', 'is the gold really pure 24k?', '1 gram of pure gold is 24k gold.\n\n1 gram of 18k gold (18/24 or 75%) contains 75% gold. The market puts basically 0 value on the other 25% melted with the gold to make the 18k alloy.\n\n14k is 58.3%\n\n10k is less than 50% gold.\n\nAgain - the alloys don’t really matter for pricing. 18k gold is worth 75% of 24k gold. Nobody is going to pay you more for 18k gold because it has more copper or nickel or whatever in the non-gold 25%.']",14k 24k gold grams 18k pure karat gram is weight
39,993,39_tax_taxes_sales_irs,"['tax', 'taxes', 'sales', 'irs', 'state', 'gains', 'capital', 'pay', 'taxed', 'you']","['Did you have to pay tax?', 'The beauty is that 6% sales tax in a state that has no state income tax.', 'Do you pay state sales tax on them?']",tax taxes sales irs state gains capital pay taxed you
40,938,40_bullion_jm_sd_exchanges,"['bullion', 'jm', 'sd', 'exchanges', 'from', 'dealer', 'jmbullion', 'they', 'dealers', 'ive']","['SD Bullion.  Avoid JM Bullion.', 'Jm bullion and sd bullion are solid', 'Stop using jm bullion, why do people buy from JM bullion? Go to SD Bullion']",bullion jm sd exchanges from dealer jmbullion they dealers ive
41,914,41_stack_stacking_silver_gold,"['stack', 'stacking', 'silver', 'gold', 'my', 'to', 'of', 'and', 'for', 'have']","['I stack just 3 lol. No silver for me.', 'Are you stacking silver also or no', 'Gold is for stacking.']",stack stacking silver gold my to of and for have
42,907,42_spot_over_price_under,"['spot', 'over', 'price', 'under', 'below', 'sell', 'at', 'for', 'you', 'pay']","['1. Buy under spot. 2. Sell over spot… \n  That’s all I got.', '(1- (price you pay/spot)) x 100 = % over spot', 'The % of spot price.']",spot over price under below sell at for you pay
43,846,43_capsules_capsule_tube_tubes,"['capsules', 'capsule', 'tube', 'tubes', 'fit', 'them', 'in', 'coin', 'coins', 'the']","['Capsules to put them in', 'Out of the capsule and into the tube', 'Depends if you will capsule them or not. I have my 1/4 gold in capsules, so they end up in a tube that is maybe quarter sized? If you PM me I could show you some photos. If you have a local coin shop, might want to go see what they have. My LCS has tons of capsules and tubes.']",capsules capsule tube tubes fit them in coin coins the
44,844,44_rpmsforsale_pmsforsale_on_post,"['rpmsforsale', 'pmsforsale', 'on', 'post', 'middleman', 'sell', 'you', 'feedback', 'check', 'there']","['Sell on r/PMsforsale', 'Sell it on r/Pmsforsale', 'Sell it on r/pmsforsale']",rpmsforsale pmsforsale on post middleman sell you feedback check there
45,767,45_pms_pm_to_and,"['pms', 'pm', 'to', 'and', 'of', 'are', 'in', 'for', 'the', 'my']","['It says selling pms, Not silver pm. Precious metals.', 'I’d take the cash and buy my own PMs', 'PMs go up, PMs go down. You can’t explain that']",pms pm to and of are in for the my
46,758,46_advice_thanks_thank_ill,"['advice', 'thanks', 'thank', 'ill', 'check', 'idea', 'out', 'look', 'tip', 'do']","['Thanks for the advice', 'Thanks for the advice', 'Thanks for the advice ']",advice thanks thank ill check idea out look tip do
47,750,47_tax_taxes_vat_gains,"['tax', 'taxes', 'vat', 'gains', 'sales', 'taxed', 'capital', 'on', 'pay', 'gold']","['Depends what the deal is with tax in Canada, is the sales tax the same on both? In some places gold works out better value than silver due to tax.', ""The IRS considers gold to be a collectible, and taxes on gold sales depend on how long you hold the gold and whether you make a profit:\xa0\n\n* **Holding period:** If you hold the gold for one year or less, profits are taxed as ordinary income.\xa0\n* **Profit type:** If you make a profit on the sale, it's taxed as capital gains.\xa0\n* **Capital gains tax rate:** The maximum tax rate for long-term capital gains is 28%.\xa0However, long-term gains on gold are often taxed differently and higher than gains on stocks or bonds.\xa0\n* **Exemptions:** Some coins are exempt from capital gains tax, including:\xa0\n   * Coi"", ""He is wrong. \n\nYou must pay taxes on your gains. Gold is taxed at the collectible rate, which is 28% regardless of how long you held it. \n\nIt works just like selling a stock for a profit, with the exception that capital gains taxes on stocks are much lower than the rate on gold. \n\nYou may have to pay sales tax at the time of acquisition, but that has nothing to do with the gains taxes you owe when you sell. \n\nIf it's under $10K the buyer is not required to report it to the IRS, but you are regardless of the value of the transaction. \n\nYou pay tax on your gains. For instance, if you buy at $500""]",tax taxes vat gains sales taxed capital on pay gold
48,750,48_weight_scale_weigh_heavy,"['weight', 'scale', 'weigh', 'heavy', 'scales', 'how', 'weights', 'much', 'it', 'does']","['What weight is that?', 'Do you have a scale? Whats the weight of it?', 'get a scale and weight it']",weight scale weigh heavy scales how weights much it does
49,747,49_watch_rolex_watches_pocket,"['watch', 'rolex', 'watches', 'pocket', 'the', 'movement', 'gold', 'it', 'that', 'and']","['Watch prices have been going up. Probably the watch LOL', 'How much is that watch?', 'So is the watch gold or just the coin?']",watch rolex watches pocket the movement gold it that and
50,747,50_pesos_peso_mexican_50,"['pesos', 'peso', 'mexican', '50', 'dos', 'mexico', 'coin', '20', 'coins', 'centenario']","['I haven’t bought any in a few months, but gold mexican pesos usually carry less of a premium than your average fractional gold.  When it comes to sizes they’re pretty much the same as pre 33 gold.  \n\n20 pesos is equivalent to the $10 eagle\n15 grams of pure gold, almost 1/2 oz\n\n10 pesos to the half eagle\n7.5 grams of pure gold, slightly less than a 1/4 oz\n\n5 pesos to the quarter eagle\n3.75 grams\n\n2.5 pesos is half of the 5 peso\n2 pesos in 1.5 grams gold', 'That 50 pesos is fake?', 'I love the 50 pesos!']",pesos peso mexican 50 dos mexico coin 20 coins centenario
51,738,51_nuggets_nugget_nugs_gold,"['nuggets', 'nugget', 'nugs', 'gold', 'natural', 'are', 'the', 'purity', 'for', 'of']","['Nuggets are beautiful!', 'I have seen enough nuggets, to say that these are definitely nuggets', 'Well my company has sold over 2 million in gold nuggets so I’d say they are pretty popular lol. I understand what you mean just regular gold nuggets but that’s what these are nothing special but can be as high as 22k. Usually the gold nuggets we get are 20-22k or close. A 1 ounce gold nugget is rarer than a 5 karat diamond and the premium is about $80 per gram because they are so rare. You don’t find these nuggets walking down the street or in your back yard and a lot of work goes into finding these nuggets. It took a guy 6 months prospecting by himself to get a measly 1 Oz of tiny gold nugget']",nuggets nugget nugs gold natural are the purity for of
52,714,52_coins_premium_coin_oz,"['coins', 'premium', 'coin', 'oz', '110', 'premiums', 'ounce', '1oz', 'are', '14']","['Is that a 2 oz coin?', 'What is the premium with this coin ?', 'Save your money buy 1/2 and 1 oz coins with out premium']",coins premium coin oz 110 premiums ounce 1oz are 14
53,669,53_asteroid_mining_earth_asteroids,"['asteroid', 'mining', 'earth', 'asteroids', 'space', 'we', 'mine', 'of', 'to', 'gold']","['Asteroid mining lol it is barely profitable on earth.', 'I feel that they are trying to start manufacturing off Earth.  So i bet most mined materials of asteroids will stay in space.  I think the logistics to mine an asteroid and bring materials back to earth would be almost negating the cost of mining.', ""If it's not profitable to mine the asteroids there will be no asteroid mining.""]",asteroid mining earth asteroids space we mine of to gold
54,641,54_size_small_bigger_thickness,"['size', 'small', 'bigger', 'thickness', 'length', 'thick', 'tiny', 'mm', 'big', 'inches']","[""It's not always about size..."", 'Sure what size is it?', 'its not about the size']",size small bigger thickness length thick tiny mm big inches
55,632,55_ring_rings_24k_wedding,"['ring', 'rings', '24k', 'wedding', 'wear', 'my', 'it', 'like', 'that', 'the']","['Where’s the ring from?', 'Also there is S on the ring', 'How much for the ring?']",ring rings 24k wedding wear my it like that the
56,631,56_gifgiphyloijqcjieocmcdownsized_gifgiphyxlvbf51r0t9umdownsized_gifgiphytl2yr3ioe78to_gifgiphy08y87eiwdzjjb0d6wjdownsized,"['gifgiphyloijqcjieocmcdownsized', 'gifgiphyxlvbf51r0t9umdownsized', 'gifgiphytl2yr3ioe78to', 'gifgiphy08y87eiwdzjjb0d6wjdownsized', 'gifgiphydc7l6w7fqmaugdownsized', 'gifgiphy8coemqqxl39emjcey0downsized', 'gifgiphyod0qrnzwrbymdu3eeodownsized', 'gifgiphytl2yr3ioe78todownsized', 'gifgiphyn43kx7peptn0kdownsized', 'gifgiphy3o85xrcovyiuxkjcq0downsized']","['Hold my beer. Lemme put my XRF glasses\n\n![gif](giphy|I1U9DTjCqOF3i|downsized)', 'It is so nice of you to be donating this to a family in need for Christmas.\n\n\n\n![gif](giphy|10JhviFuU2gWD6)', '![gif](giphy|26vUxJ9rqfwuIEkTu|downsized)\n\nThank you! And thanks for doing business with us - we hope you get a desirable date too!']",gifgiphyloijqcjieocmcdownsized gifgiphyxlvbf51r0t9umdownsized gifgiphytl2yr3ioe78to gifgiphy08y87eiwdzjjb0d6wjdownsized gifgiphydc7l6w7fqmaugdownsized gifgiphy8coemqqxl39emjcey0downsized gifgiphyod0qrnzwrbymdu3eeodownsized gifgiphytl2yr3ioe78todownsized gifgiphyn43kx7peptn0kdownsized gifgiphy3o85xrcovyiuxkjcq0downsized
57,622,57_melt_value_melted_down,"['melt', 'value', 'melted', 'down', 'it', 'melting', 'worth', 'get', 'you', 'its']","['I will buy it for melt price', 'It’s worth it’s melt value.', 'What’s the melt value🤔']",melt value melted down it melting worth get you its
58,612,58_movie_he_chat_his,"['movie', 'he', 'chat', 'his', 'entered', 'god', 'series', 'jesus', 'name', 'bob']","['This should be a movie', 'ive seen that movie... ""Dont look up"" right?', 'I want to see this movie!']",movie he chat his entered god series jesus name bob
59,609,59_diamonds_diamond_stones_stone,"['diamonds', 'diamond', 'stones', 'stone', 'lab', 'are', 'gemstones', 'gems', 'the', 'gem']","['Well, at least the gold and diamonds are real!', 'It’s not hollow and there are no diamonds it’s diamond cut', 'Diamonds might know...']",diamonds diamond stones stone lab are gemstones gems the gem
60,601,60_wife_dad_she_your,"['wife', 'dad', 'she', 'your', 'grandpa', 'her', 'my', 'family', 'mom', 'uncle']","[""That's what I tell my wife."", 'Your wife will love it', 'Can I also be your wife?']",wife dad she your grandpa her my family mom uncle
61,597,61_9999_math_999_numbers,"['9999', 'math', '999', 'numbers', 'number', '9s', 'decimal', 'calculator', 'fine', 'the']","['Love these. Nice 9999', 'No. I need that .9999', 'You can if it’s not 9999 lol']",9999 math 999 numbers number 9s decimal calculator fine the
62,593,62_slab_slabbed_slabs_coin,"['slab', 'slabbed', 'slabs', 'coin', 'graded', 'coins', 'it', 'ngc', 'pcgs', 'the']","['Buy the coin, not the slab.', 'I buy slabbed, and then i get the slabs graded too', 'I wont hesitate to take larger pieces out of Assays, but the slabs are different. The slab does add some value to it if you know how to sell it and its more appealing to buyers slabbed since they can resell it higher.\n\n\nI mean you could say that about an assay too, but the slab also locks in its rating and stuff and serves as an official form.\n\n\nI wouldnt generally collect slabs cause I like to lick and sleep on my gold, but if I had one id probably keep it in the slab as a token slabbed piece']",slab slabbed slabs coin graded coins it ngc pcgs the
63,563,63_years_year_2023_2025,"['years', 'year', '2023', '2025', 'long', '2022', '2024', 'months', 'last', '2021']","['I think in the next 7 years.', '20 years is a long time lol', 'Is that average over 5 years? 10 years? 50 years? 100 years?']",years year 2023 2025 long 2022 2024 months last 2021
64,550,64_boating_accident_boat_lost,"['boating', 'accident', 'boat', 'lost', 'accidents', 'boats', 'fish', 'fishing', 'lake', 'in']","['i thought it was lost in a boating accident?', 'Had a boating accident', 'i lost all my in a boating accident 😔']",boating accident boat lost accidents boats fish fishing lake in
65,521,65_krugerrand_krugerrands_kruger_south,"['krugerrand', 'krugerrands', 'kruger', 'south', 'coin', 'the', 'krugerands', 'copper', 'krugers', 'of']","['Where’s the krugerrand?', '> Gold Krugerrand is\n\nGold Krugerrand is what, OP?', 'Krugerrand. The coin of coins.']",krugerrand krugerrands kruger south coin the krugerands copper krugers of
66,511,66_wear_wearing_neck_it,"['wear', 'wearing', 'neck', 'it', 'worn', 'daily', 'shirt', 'you', 'id', 'like']","['You can still wear it', 'I would SO wear that!!', 'Not if you wear it in']",wear wearing neck it worn daily shirt you id like
67,503,67_treasure_pirate_chest_pirates,"['treasure', 'pirate', 'chest', 'pirates', 'turd', 'booty', 'like', 'hunt', 'duck', 'the']","['Nice treasure chest 😎', 'Little my ass, this is pirate treasure', 'Legit pirate treasure']",treasure pirate chest pirates turd booty like hunt duck the
68,492,68_troy_ounces_ounce_grams,"['troy', 'ounces', 'ounce', 'grams', 'oz', '311', 'pound', 'avoirdupois', 'measured', 'is']","['10 troy ounces of gold?', 'But that is not a Troy Ounce.  Troy Ounce and Ounce are different.', 'Because it’s a troy ounce']",troy ounces ounce grams oz 311 pound avoirdupois measured is
69,490,69_ebay_dealer_dealers_reputable,"['ebay', 'dealer', 'dealers', 'reputable', 'from', 'online', 'you', 'buy', 'seller', 'on']","['Was it a reputable dealer or private dealer?', 'That’s why you buy from a reputable dealer', 'Buy from reputable dealer']",ebay dealer dealers reputable from online you buy seller on
70,474,70_venezuela_africa_zimbabwe_uganda,"['venezuela', 'africa', 'zimbabwe', 'uganda', 'in', 'the', 'of', 'currency', 'country', 'gold']","['Venezuela be like <.< >.>', '> Venezuela, Zimbabwe, Argentina etc...\n\nBut USA is not Venezuela, Zimbabwe, Argentina ?\n\nI can see it if you are living in a third world country, you should buy gold to protect your wealth', 'Ask someone in Zimbabwe or Venezuela....']",venezuela africa zimbabwe uganda in the of currency country gold
71,450,71_pawn_shop_shops_pawnshop,"['pawn', 'shop', 'shops', 'pawnshop', 'they', 'to', 'you', 'and', 'offer', 'sell']","['Just local pawn shops.', 'Test it at a pawn shop', 'Take it to the pawn shop']",pawn shop shops pawnshop they to you and offer sell
72,422,72_scam_scammed_scammers_scammer,"['scam', 'scammed', 'scammers', 'scammer', 'scams', 'this', 'scamming', 'people', 'you', 'who']","['Yeah this is a scam.', 'This is a scam...right?', 'Because its not a scam?']",scam scammed scammers scammer scams this scamming people you who
73,407,73_one_want_got_those,"['one', 'want', 'got', 'those', 'these', 'grabbed', 'now', 'ill', 'have', 'nice']","['No, but now I want one.', 'I want one now 🇬🇧🇬🇧🚀🚀🦍🦍', 'Nice one. Now I need one too']",one want got those these grabbed now ill have nice
